comp,year,comedian_name,comedian_number,rank,catchphrase,first_order,first_result,first_title,first_movie,second_order,second_result,second_title,second_movie
m1,2024,令和ロマン,,優勝,Champion,1番,850点,,,2番,5票,,
m1,2024,バッテリィズ,,2位,浪花のド直球,7番,861点,,,3番,3票,,
m1,2024,真空ジェシカ,,3位,アンコントロールIV,3番,849点,,,1番,1票,,
m1,2024,エバース,,4位,雑談ファンタジスタ,9番,848点,,,,,,
m1,2024,ヤーレンズ,,5位,逆襲のノンストップ・ウザ,2番,825点,,,,,,
m1,2024,トム・ブラウン,,6位,ラスト無秩序,10番,823点,,,,,,
m1,2024,ダイタク,,7位,双子無双,5番,820点,,,,,,
m1,2024,マユリカ,,7位,（敗者復活組）,4番,820点,,,,,,
m1,2024,ジョックロック,,9位,爆音ダークホース,6番,819点,,,,,,
m1,2024,ママタルト,,10位,デカすぎるにもほどがある!,8番,812点,,,,,,
m1,2023,令和ロマン,,優勝,エキセントリックルーキー,1番,648点,,,1番,4票,,
m1,2023,ヤーレンズ,,2位,ノンストップ・ウザ,6番,656点,,,2番,3票,,
m1,2023,さや香,,3位,激情リベンジ,3番,659点,,,3番,0票,,
m1,2023,マユリカ,,4位,ずっとキモダチ,5番,645点,,,,,,
m1,2023,真空ジェシカ,,5位,アンコントロールIII,7番,643点,,,,,,
m1,2023,カベポスター,,6位,草食系ロジカルモンスター,4番,635点,,,,,,
m1,2023,モグライダー,,7位,メジャーポンコツ,10番,632点,,,,,,
m1,2023,ダンビラムーチョ,,8位,M-POP,8番,631点,,,,,,
m1,2023,シシガシラ,,9位,（敗者復活組）,2番,627点,,,,,,
m1,2023,くらげ,,10位,純情!ワイシャツとアロハ,9番,620点,,,,,,
m1,2022,ウエストランド,,優勝,小市民怒涛の叫び,10番,659点,,,1番,6票,,
m1,2022,さや香,,2位,熱血リベンジ,5番,667点,,,3番,1票,,
m1,2022,ロングコートダディ,,3位,ゆるハイブリッド,4番,660点,,,2番,0票,,
m1,2022,男性ブランコ,,4位,あぶない地味男,6番,650点,,,,,,
m1,2022,真空ジェシカ,,5位,アンコントロール,2番,647点,,,,,,
m1,2022,ヨネダ2000,,5位,なかよし奇想天外,8番,647点,,,,,,
m1,2022,オズワルド,,7位,（敗者復活組）,3番,639点,,,,,,
m1,2022,カベポスター,,8位,草食系ロジカル,1番,634点,,,,,,
m1,2022,キュウ,,9位,ノーリアル,9番,620点,,,,,,
m1,2022,ダイヤモンド,,10位,クレイジーな輝き,7番,616点,,,,,,
m1,2021,錦鯉,,優勝,50歳おバカの大冒険,8番,655点,,,2番,5票,,
m1,2021,オズワルド,,2位,シン・東京スタイル,6番,665点,,,3番,1票,,
m1,2021,インディアンス,,3位,快速ボケ特急,9番,655点,,,1番,1票,,
m1,2021,ロングコートダディ,,4位,やわらかハード,7番,649点,,,,,,
m1,2021,もも,,5位,なにわNEWフェイス,10番,645点,,,,,,
m1,2021,真空ジェシカ,,6位,屈折のエリート,5番,638点,,,,,,
m1,2021,ゆにばーす,,"6位","NO M-1,NO LIFE.",3番,638点,,,,,,
m1,2021,モグライダー,,8位,やんちゃとぶきっちょ,1番,637点,,,,,,
m1,2021,ハライチ,,9位,（敗者復活組）,4番,636点,,,,,,
m1,2021,ランジャタイ,,10位,奇天烈の極み,2番,628点,,,,,,
m1,2020,マヂカルラブリー,,優勝,我流大暴れ,6番,649点,,,2番,3票,,
m1,2020,おいでやすこが,,2位,個性と技のハーモニー,5番,658点,,,3番,2票,,
m1,2020,見取り図,,3位,真逆の才能III,4番,648点,,,1番,2票,,
m1,2020,錦鯉,,4位,おっさんずバカ,9番,643点,,,,,,
m1,2020,ニューヨーク,,5位,ダークにリベンジ,3番,642点,,,,,,
m1,2020,オズワルド,,5位,NEO東京スタイル,7番,642点,,,,,,
m1,2020,インディアンス,,7位,（敗者復活組）,1番,625点,,,,,,
m1,2020,アキナ,,8位,覚醒するファンタジスタ,8番,622点,,,,,,
m1,2020,ウエストランド,,9位,小市民怒涛の叫び,10番,622点,,,,,,
m1,2020,東京ホテイソン,,10位,静ボケ 剛ツッコミ,2番,617点,,,,,,
m1,2019,ミルクボーイ,,優勝,ナニワスパイラル,7番,681点,,,3番,6票,,
m1,2019,かまいたち,,2位,憑依する漫才,2番,660点,,,2番,1票,,
m1,2019,ぺこぱ,,3位,ツッコミ方改革,10番,654点,,,1番,0票,,
m1,2019,和牛,,4位,（敗者復活組）,3番,652点,,,,,,
m1,2019,見取り図,,5位,真逆の個性,6番,649点,,,,,,
m1,2019,からし蓮根,,6位,火の国ストロング,5番,639点,,,,,,
m1,2019,オズワルド,,7位,新・東京スタイル,8番,638点,,,,,,
m1,2019,すゑひろがりず,,8位,令和の伝統芸能,4番,637点,,,,,,
m1,2019,インディアンス,,9位,ノンストップ,9番,632点,,,,,,
m1,2019,ニューヨーク,,10位,漫才ジョーカー,1番,616点,,,,,,
m1,2018,霜降り明星,,優勝,縦横無尽,9番,662点,,,3番,4票,,
m1,2018,和牛,,2位,第4形態,10番,656点,,,2番,3票,,
m1,2018,ジャルジャル,,3位,フリースタイル再び,4番,648点,,,1番,0票,,
m1,2018,ミキ,,4位,（敗者復活組）,7番,638点,,,,,,
m1,2018,かまいたち,,5位,史上初の2冠へ,3番,636点,,,,,,
m1,2018,トム・ブラウン,,6位,無秩序,8番,633点,,,,,,
m1,2018,スーパーマラドーナ,,7位,最後の逆襲,2番,617点,,,,,,
m1,2018,ギャロップ,,8位,輝け！いぶし銀,5番,614点,,,,,,
m1,2018,見取り図,,9位,声高ダークホース,1番,606点,,,,,,
m1,2018,ゆにばーす,,10位,今年もイェエエエイ！,6番,594点,,,,,,
m1,2017,とろサーモン,,優勝,ついにキターーー！！,3番,645点,,,1番,4票,,
m1,2017,和牛,,2位,3度目の正直,9番,653点,,,3番,3票,,
m1,2017,ミキ,,3位,兄弟漫才,8番,650点,,,2番,0票,,
m1,2017,スーパーマラドーナ,,4位,（敗者復活組）,4番,640点,,,,,,
m1,2017,かまいたち,,4位,史上初の2冠へ,5番,640点,,,,,,
m1,2017,ジャルジャル,,6位,帰ってきたフリースタイル,10番,636点,,,,,,
m1,2017,さや香,,7位,無印ノーマーク,7番,628点,,,,,,
m1,2017,ゆにばーす,,8位,野生女×インドア男,1番,626点,,,,,,
m1,2017,カミナリ,,9位,進化のどつき漫才,2番,618点,,,,,,
m1,2017,マヂカルラブリー,,10位,摩訶不思議,6番,607点,,,,,,
m1,2016,銀シャリ,,優勝,王道漫才,4番,470点,,,3番,3票,,
m1,2016,和牛,,2位,（敗者復活組）,9番,469点,,,2番,1票,,
m1,2016,スーパーマラドーナ,,3位,虚弱 × 最強,7番,459点,,,1番,1票,,
m1,2016,さらば青春の光,,4位,予測不能,8番,448点,,,,,,
m1,2016,アキナ,,5位,変幻自在,1番,446点,,,,,,
m1,2016,ハライチ,,6位,シン・ハライチ,6番,446点,,,,,,
m1,2016,カミナリ,,7位,ダークホース,2番,441点,,,,,,
m1,2016,スリムクラブ,,8位,一撃必殺,5番,441点,,,,,,
m1,2016,相席スタート,,9位,婚活系漫才,3番,436点,,,,,,
m1,2015,トレンディエンジェル,,優勝,（敗者復活組）,9番,825点,,,2番,6票,,
m1,2015,銀シャリ,,"2位",昭和をまとった\n新世代 再び!,6番,818点,,,1番,2票,,
m1,2015,ジャルジャル,,"3位",フリースタイルが\n止まらない!,5番,834点,,,3番,1票,,
m1,2015,タイムマシーン3号,,"4位",器用なおデブさんは\n好きですか?,8番,816点,,,,,,
m1,2015,スーパーマラドーナ,,"5位",震える子羊\nボケまくる!,3番,813点,,,,,,
m1,2015,和牛,,"6位",心にさされ!\n非情な愛のボケ,4番,806点,,,,,,
m1,2015,メイプル超合金,,"7位",誰も知らない\n超ダークホース,1番,796点,,,,,,
m1,2015,馬鹿よ貴方は,,"8位",静かなる\n毒舌漫才,2番,791点,,,,,,
m1,2015,ハライチ,,"9位",澤部、\n今日も騒ぐってよ,7番,788点,,,,,,
m1,2010,笑い飯,,優勝,孤高のWボケ,6番,668点,,,2番,4票,,
m1,2010,スリムクラブ,,2位,無印（ノーマーク）島人,3番,644点,,,1番,3票,,
m1,2010,パンクブーブー,,3位,（敗者復活組）,9番,668点,,,3番,0票,,
m1,2010,ピース,,4位,笑いのアーティスト,8番,629点,,,,,,
m1,2010,銀シャリ,,5位,昭和をまとった新世代,4番,627点,,,,,,
m1,2010,ナイツ,,6位,浅草の星,5番,626点,,,,,,
m1,2010,ハライチ,,7位,進化するムチャぶり漫才,7番,620点,,,,,,
m1,2010,ジャルジャル,,8位,スーパールーキー,2番,606点,,,,,,
m1,2010,カナリア,,9位,羽ばたけ!ラストイヤー,1番,592点,,,,,,
m1,2009,パンクブーブー,,優勝,9年目の正直,8番,651点,,,2番,7票,,
m1,2009,笑い飯,,2位,孤高のWボケ,5番,668点,,,3番,0票,,
m1,2009,NON STYLE,,3位,（敗者復活組）,9番,641点,,,1番,0票,,
m1,2009,ナイツ,,4位,浅草の星,1番,634点,,,,,,
m1,2009,ハライチ,,5位,原市生まれM-1育ち,6番,628点,,,,,,
m1,2009,東京ダイナマイト,,6位,逆襲の異端児,3番,614点,,,,,,
m1,2009,モンスターエンジン,,7位,ネタの精密機械,7番,610点,,,,,,
m1,2009,南海キャンディーズ,,8位,漫才という名の赤い糸,2番,607点,,,,,,
m1,2009,ハリセンボン,,9位,恋する漫才師,4番,595点,,,,,,
m1,2008,NON STYLE,,優勝,ストリート系漫才,7番,644点,,,2番,5票,,
m1,2008,オードリー,,2位,（敗者復活組）,9番,649点,,,3番,2票,,
m1,2008,ナイツ,,3位,浅草の星,4番,640点,,,1番,0票,,
m1,2008,笑い飯,,4位,孤高のWボケ,2番,637点,,,,,,
m1,2008,U字工事,,5位,I ♥ とちぎ,5番,623点,,,,,,
m1,2008,ダイアン,,6位,お笑い月見草,1番,619点,,,,,,
m1,2008,モンスターエンジン,,7位,変幻自在の高性能漫才,3番,614点,,,,,,
m1,2008,キングコング,,8位,逆襲のスーパールーキー,8番,612点,,,,,,
m1,2008,ザ・パンチ,,9位,ラストチャッチャチャーンス,6番,591点,,,,,,
m1,2007,サンドウィッチマン,,優勝,（敗者復活組）,9番,651点,,,3番,4票,,
m1,2007,トータルテンボス,,2位,ハンパねぇラストチャンス,5番,646点,,,1番,2票,,
m1,2007,キングコング,,3位,帰ってきたスーパールーキー,6番,650点,,,2番,1票,,
m1,2007,ハリセンボン,,4位,（デブ+ヤセ）×ブサイク=爆笑,7番,608点,,,,,,
m1,2007,笑い飯,,5位,予測不能のWボケ,1番,604点,,,,,,
m1,2007,ザブングル,,6位,奇跡の顔面,3番,597点,,,,,,
m1,2007,ダイアン,,7位,お笑い月見草,8番,593点,,,,,,
m1,2007,千鳥,,8位,オレ流漫才,4番,580点,,,,,,
m1,2007,POISON GIRL BAND,,9位,屈辱からの脱出,2番,577点,,,,,,
m1,2006,チュートリアル,,優勝,華麗なる妄想族,6番,664点,,,3番,7票,,
m1,2006,フットボールアワー,,2位,帰ってきた王者,2番,640点,,,2番,0票,,
m1,2006,麒麟,,3位,空腹のファンタジスタ,4番,627点,,,1番,0票,,
m1,2006,笑い飯,,4位,予測不能のWボケ,8番,626点,,,,,,
m1,2006,トータルテンボス,,5位,ハンパねぇ渋谷系漫才,5番,613点,,,,,,
m1,2006,ライセンス,,6位,（敗者復活組）,9番,609点,,,,,,
m1,2006,ザ・プラン9,,7位,5人の漫才革命児,3番,597点,,,,,,
m1,2006,変ホ長調,,8位,史上最強のアマチュア,7番,576点,,,,,,
m1,2006,POISON GIRL BAND,,9位,暴走する異次元漫才,1番,570点,,,,,,
m1,2005,ブラックマヨネーズ,,優勝,モテない男たちの逆襲,5番,659点,,,3番,4票,,
m1,2005,笑い飯,,2位,予測不能のWボケ,1番,633点,,,2番,3票,,
m1,2005,麒麟,,3位,M-1チルドレン,8番,646点,,,1番,0票,,
m1,2005,品川庄司,,4位,不屈のお調子者,6番,626点,,,,,,
m1,2005,チュートリアル,,5位,暴走するイケメン漫才,4番,622点,,,,,,
m1,2005,千鳥,,6位,（敗者復活組）,9番,607点,,,,,,
m1,2005,タイムマシーン3号,,7位,アキバ系カリスマデブ,7番,571点,,,,,,
m1,2005,アジアン,,8位,肉と骨のハーモニー,2番,564点,,,,,,
m1,2005,南海キャンディーズ,,9位,相方以上恋人未満,3番,552点,,,,,,
m1,2004,アンタッチャブル,,優勝,悲願の正面突破,8番,673点,,,1番,6票,,
m1,2004,南海キャンディーズ,,2位,初物尽くし,5番,639点,,,3番,1票,,
m1,2004,麒麟,,3位,（敗者復活組）,9番,634点,,,2番,0票,,
m1,2004,タカアンドトシ,,4位,直球勝負,2番,615点,,,,,,
m1,2004,笑い飯,,5位,予測不能,7番,615点,,,,,,
m1,2004,POISON GIRL BAND,,6位,支離滅裂のアーティスト,6番,603点,,,,,,
m1,2004,トータルテンボス,,7位,The渋谷系,4番,587点,,,,,,
m1,2004,東京ダイナマイト,,8位,”ビート”の遺伝子,3番,583点,,,,,,
m1,2004,千鳥,,9位,リベンジ,1番,582点,,,,,,
m1,2003,フットボールアワー,,優勝,悲願,7番,663点,,,3番,4票,,
m1,2003,笑い飯,,2位,∞\ninfinity,4番,656点,,,1番,3票,,
m1,2003,アンタッチャブル,,3位,（敗者復活組）,9番,616点,,,2番,0票,,
m1,2003,2丁拳銃,,4位,ラストチャンス,5番,608点,,,,,,
m1,2003,りあるキッズ,,5位,最年少,8番,601点,,,,,,
m1,2003,スピードワゴン,,6位,正門突破,3番,572点,,,,,,
m1,2003,アメリカザリガニ,,7位,3度目の正直,6番,564点,,,,,,
m1,2003,麒麟,,8位,返り咲き,2番,554点,,,,,,
m1,2003,千鳥,,9位,無印（ノーマーク）。,1番,552点,,,,,,
m1,2002,ますだおかだ,,優勝,,2番,612点,,,3番,5票,,
m1,2002,フットボールアワー,,2位,,5番,621点,,,1番,2票,,
m1,2002,笑い飯,,3位,,6番,567点,,,2番,0票,,
m1,2002,おぎやはぎ,,4位,,7番,561点,,,,,,
m1,2002,ハリガネロック,,5位,,1番,545点,,,,,,
m1,2002,テツandトモ,,6位,,4番,539点,,,,,,
m1,2002,スピードワゴン,,7位,,9番,535点,,,,,,
m1,2002,ダイノジ,,8位,,3番,534点,,,,,,
m1,2002,アメリカザリガニ,,9位,,8番,525点,,,,,,
m1,2001,中川家,,優勝,笑いのDNA,1番,829点,,,先攻,6票,,
m1,2001,ハリガネロック,,2位,武闘派,10番,809点,,,後攻,1票,,
m1,2001,アメリカザリガニ,,3位,3オクターブの衝撃,4番,796点,,,,,,
m1,2001,ますだおかだ,,4位,実力主義,8番,770点,,,,,,
m1,2001,麒麟,,5位,無印（ノーマーク）,7番,741点,,,,,,
m1,2001,フットボールアワー,,6位,奇蹟の顔面,2番,726点,,,,,,
m1,2001,キングコング,,7位,驚異のルーキー,6番,707点,,,,,,
m1,2001,チュートリアル,,8位,お笑い陰陽師,3番,637点,,,,,,
m1,2001,DonDokoDon,,9位,無冠の帝王,9番,614点,,,,,,
m1,2001,おぎやはぎ,,10位,東京の星,5番,540点,,,,,,
tm,2014,博多華丸・大吉,,優勝,,C-2番,6票,,,3番,9票,,
tm,2014,トレンディエンジェル,,2位,,B-1番,8票,,,2番,1票,,
tm,2014,アキナ,,3位,,A-3番,5票,,,1番,0票,,
tm,2014,2丁拳銃,,決勝進出,,A-1番,0票,,,,,,
tm,2014,エレファントジョン,,決勝進出,,A-2番,4票,,,,,,
tm,2014,磁石,,決勝進出,,A-4番,1票,,,,,,
tm,2014,馬鹿よ貴方は,,決勝進出,,B-2番,0票,,,,,,
tm,2014,囲碁将棋,,決勝進出,,B-3番,1票,,,,,,
tm,2014,学天即,,決勝進出,,B-4番,1票,,,,,,
tm,2014,和牛,,決勝進出,,C-1番,0票,,,,,,
tm,2014,ダイアン,,決勝進出,,C-3番,0票,,,,,,
tm,2014,三拍子,,決勝進出,,C-4番,4票,,,,,,
tm,2013,ウーマンラッシュアワー,,優勝,,B-4番,6票,,,3番,5票,,
tm,2013,千鳥,,2位,,A-4番,4票,,,2番,3票,,
tm,2013,NON STYLE,,3位,,C-2番,4票,,,1番,2票,,
tm,2013,レイザーラモン,,決勝進出,,A-1番,0票,,,,,,
tm,2013,チーモンチョーチュウ,,決勝進出,,A-2番,3票,,,,,,
tm,2013,オジンオズボーン,,決勝進出,,A-3番,3票,,,,,,
tm,2013,学天即,,決勝進出,,B-1番,0票,,,,,,
tm,2013,風藤松原,,決勝進出,,B-2番,3票,,,,,,
tm,2013,銀シャリ,,決勝進出,,B-3番,1票,,,,,,
tm,2013,天竺鼠,,決勝進出,,C-1番,0票,,,,,,
tm,2013,東京ダイナマイト,,決勝進出,,C-3番,3票,,,,,,
tm,2013,流れ星,,決勝進出,,C-4番,3票,,,,,,
tm,2012,ハマカーン,,優勝,,A-3番,4票,,,1番,8票,,
tm,2012,千鳥,,2位,,B-4番,6票,,,2番,1票,,
tm,2012,アルコ&ピース,,2位,,C-2番,9票,,,3番,1票,,
tm,2012,テンダラー,,決勝進出,,A-1番,1票,,,,,,
tm,2012,ウーマンラッシュアワー,,決勝進出,,A-2番,3票,,,,,,
tm,2012,オジンオズボーン,,決勝進出,,A-4番,2票,,,,,,
tm,2012,トレンディエンジェル,,決勝進出,,B-1番,0票,,,,,,
tm,2012,NON STYLE,,決勝進出,,B-2番,4票,,,,,,
tm,2012,磁石,,決勝進出,,B-3番,0票,,,,,,
tm,2012,スーパーマラドーナ,,決勝進出,,C-1番,0票,,,,,,
tm,2012,笑い飯,,決勝進出,,C-3番,1票,,,,,,
tm,2012,エルシャラカーニ,,決勝進出,,C-4番,0票,,,,,,
tm,2011,パンクブーブー,,優勝,,C-4番,9票,,,3番,5票,,
tm,2011,ナイツ,,2位,,A-3番,8票,,,2番,3票,,
tm,2011,千鳥,,3位,,D-2番,8票,,,4番,2票,,
tm,2011,Hi-Hi,,4位,,B-1番,3票,,,1番,0票,,
tm,2011,囲碁将棋,,決勝進出,,A-1番,0票,,,,,,
tm,2011,チキチキジョニー,,決勝進出,,A-2番,0票,,,,,,
tm,2011,磁石,,決勝進出,,A-4番,2票,,,,,,
tm,2011,テンダラー,,決勝進出,,B-2番,3票,,,,,,
tm,2011,スリムクラブ,,決勝進出,,B-3番,3票,,,,,,
tm,2011,ハマカーン,,決勝進出,,B-4番,1票,,,,,,
tm,2011,学天即,,決勝進出,,C-1番,0票,,,,,,
tm,2011,博多華丸・大吉,,決勝進出,,C-2番,1票,,,,,,
tm,2011,アルコ&ピース,,決勝進出,,C-3番,0票,,,,,,
tm,2011,エルシャラカーニ,,決勝進出,,D-1番,0票,,,,,,
tm,2011,ウーマンラッシュアワー,,決勝進出,,D-3番,2票,,,,,,
tm,2011,銀シャリ,,決勝進出,,D-4番,0票,,,,,,
koc,2025,青色1号,,決勝進出,,4番,458点,部長の不倫,,,,,
koc,2025,うるとらブギーズ,,決勝進出,,7番,448点,ミュージシャン,,,,,
koc,2025,元祖いちごちゃん,,決勝進出,,6番,447点,スーパーでの試飲,,,,,
koc,2025,しずる,,決勝進出,,,,,,,,,
koc,2025,トム・ブラウン,,決勝進出,,,,,,,,,
koc,2025,ファイヤーサンダー,,決勝進出,,3番,457点,復帰,,,,,
koc,2025,ベルナルド,,決勝進出,,,,,,,,,
koc,2025,や団,,決勝進出,,2番,473点,中華料理屋,,,,,
koc,2025,レインボー,,決勝進出,,5番,464点,女芸人とコンパ,,,,,
koc,2025,ロングコートダディ,,決勝進出,,1番,474点,モグドン,,,,,
koc,2024,ラブレターズ,,優勝,狂気と哀愁のコントブルース,10番,475点,光,https://www.youtube.com/watch?v=tzX95hees_Y,1番,472点,YOUは何しに海岸へ？,
koc,2024,ロングコートダディ,,2位,無冠のコントジーニアス,1番,475点,花屋,,2番,471点,岩壁に封印されしウィザード,
koc,2024,ファイヤーサンダー,,3位,予測不能のコント策士,7番,476点,毒舌散歩,https://www.youtube.com/watch?v=uiYZr9lQkAQ,3番,469点,野球部と不良,https://www.youtube.com/watch?v=dsFGlioG6q4
koc,2024,や団,,4位,狂い咲きコントドランカー,4番,474点,休憩時間,https://www.youtube.com/watch?v=rt8o2_qeeVE,,,,
koc,2024,シティホテル3号室,,5位,クセあり空間支配人,3番,471点,テレビショッピング,https://www.youtube.com/watch?v=5E_eoRxyTqg,,,,
koc,2024,ダンビラムーチョ,,6位,自由形エンターテイナー,2番,469点,冨安四発太鼓保存会,,,,,
koc,2024,ニッポンの社長,,7位,おかげさまで5周年,6番,468点,新入部員,https://www.youtube.com/watch?v=DRSohye5QD8,,,,
koc,2024,cacao,,7位,荒唐無稽のトリプルプレー,8番,468点,部屋練,https://www.youtube.com/watch?v=OsqZA4VPS88,,,,
koc,2024,コットン,,9位,ポップスターの逆襲,5番,461点,おままごと,https://www.youtube.com/watch?v=v4U6jjIk1U4,,,,
koc,2024,隣人,,10位,進化した奇想天外ワールド,9番,458点,チンパンジーとおじいさん,https://www.youtube.com/watch?v=yjegkrvJnt4,,,,
koc,2023,サルゴリラ,,優勝,40年共に歩んだけもの道,9番,482点,RULE,https://www.youtube.com/watch?v=5nXYkinwXFc,3番,482点,青春,https://www.youtube.com/watch?v=Bs0uoKvXkBs
koc,2023,カゲヤマ,,2位,一撃必殺のダーティープレイヤー,1番,469点,料亭,https://www.youtube.com/watch?v=EVfNqV28d_U,2番,476点,DNA鑑定,
koc,2023,ニッポンの社長,,3位,ザ・マッドコントファクトリー,2番,468点,空港へ行け,https://www.youtube.com/watch?v=x3lg7wAye94,1番,466点,手術,https://www.youtube.com/watch?v=Irrs_mNhxN0
koc,2023,ファイヤーサンダー,,4位,情熱とひらめきの化学反応,8番,466点,日本代表メンバー発表,https://www.youtube.com/watch?v=6LSsGpgEUj0,,,,
koc,2023,や団,,5位,リベンジに燃える劇場キング!,3番,465点,演劇の稽古,https://www.youtube.com/watch?v=H0OLr7wg5qg,,,,
koc,2023,ジグザグジギー,,6位,制御不能のコントジェントル,5番,464点,新市長,https://www.youtube.com/watch?v=UNSo6VnZLBo,,,,
koc,2023,ラブレターズ,,6位,帰って来た演技派コントボーイズ,10番,464点,義母と隣人の間に,https://www.youtube.com/watch?v=xjsI4sXX9CA,,,,
koc,2023,蛙亭,,8位,哀愁のコミカルホラー,4番,463点,寿司ボーイ,https://www.youtube.com/watch?v=2JTU9sXVnCY,,,,
koc,2023,隣人,,9位,西の奇想天外プレイヤー,7番,460点,チンパンジー落語,https://www.youtube.com/watch?v=PSE5l8rUuVg,,,,
koc,2023,ゼンモンキー,,10位,トリオコントNEWジェネレーション,6番,456点,縁結び神社,https://www.youtube.com/watch?v=2BPzCmP4BtA,,,,
koc,2022,ビスケットブラザーズ,,優勝,濃厚特盛ファンタジア,8番,481点,野犬,https://www.youtube.com/watch?v=spXE73M_sRI,3番,482点,ぴったり,https://www.youtube.com/watch?v=Ch08uGXIsIQ
koc,2022,コットン,,2位,怪演ドラマチックシアター,7番,470点,証拠,https://www.youtube.com/watch?v=FJnwElFIu3w,2番,474点,お見合い,
koc,2022,や団,,3位,不屈の弾丸コント15度目の正直,6番,470点,バーベキュー,https://www.youtube.com/watch?v=QinRx_j2hBc,1番,473点,雨,https://www.youtube.com/watch?v=1QOihxMpk6g
koc,2022,ネルソンズ,,4位,嘆きのトライアングル,2番,466点,結婚式,https://www.youtube.com/watch?v=hsCaHDsrV2Y,,,,
koc,2022,かが屋,,5位,コント・ドリーム・ビリーバー,3番,463点,S,https://www.youtube.com/watch?v=dyNdzlrsaV4,,,,
koc,2022,最高の人間,,6位,コントで結んだ悪魔の契約,10番,462点,テーマパーク,,,,,
koc,2022,ロングコートダディ,,7位,天下御免の小競り合い,5番,461点,料理頂上決戦,https://www.youtube.com/watch?v=tG-1iLtBvTA,,,,
koc,2022,クロコップ,,8位,異才のバカゲークリエイター,1番,460点,ホイリスト,https://www.youtube.com/watch?v=OBrD-1PVPWA,,,,
koc,2022,いぬ,,9位,バカ犬どものじゃれ合いショー,4番,459点,夢の中で,https://www.youtube.com/watch?v=BuUSisD2jTU,,,,
koc,2022,ニッポンの社長,,10位,THEマッドコントファクトリー,9番,455点,人類再生計画,https://www.youtube.com/watch?v=LBYPI8Req_M,,,,
koc,2021,空気階段,,優勝,ダメ人間の人生逆転劇場,9番,486点,火事,https://www.youtube.com/watch?v=47vrrq1Ihbc,3番,474点,メガトンパンチマンカフェ,https://www.youtube.com/watch?v=PrHuC0ivecY
koc,2021,ザ・マミィ,,2位,激情型コント職人,8番,476点,この気持ちはなんだろう,https://www.youtube.com/watch?v=skW01Qrk6vQ,2番,459点,ドラマ,
koc,2021,男性ブランコ,,2位,不遇の天才第7世代,3番,472点,ボトルメール,https://www.youtube.com/watch?v=Mah1IgMI-zA,1番,463点,袋,https://www.youtube.com/watch?v=eoev49yohVw
koc,2021,ニッポンの社長,,4位,奇々怪々のコントカンパニー,5番,463点,バッティングセンター,https://www.youtube.com/watch?v=j65pPVaPaMk,,,,
koc,2021,ジェラードン,,5位,濃厚キャラのこってり仕立て,2番,462点,角刈りガール,https://www.youtube.com/watch?v=Ajp8zpLP0Xw,,,,
koc,2021,蛙亭,,6位,怪女の微笑み 凡人の狂気,1番,461点,実験体No.164,https://www.youtube.com/watch?v=vkiXdUri-tY,,,,
koc,2021,うるとらブギーズ,,7位,バカバカしい世界への案内人,4番,460点,迷子センター,https://www.youtube.com/watch?v=d5ByDbTcS7c,,,,
koc,2021,そいつどいつ,,8位,演技派コントジャンキー,6番,456点,パック,https://www.youtube.com/watch?v=wc8h5B6_gpk,,,,
koc,2021,マヂカルラブリー,,9位,予測不能の魔法空間,10番,455点,こっくりさん,,,,,
koc,2021,ニューヨーク,,10位,悪意を操る無冠のブレイク芸人,7番,453点,ウェディングプランナー,https://www.youtube.com/watch?v=u8qE2OdB5ug,,,,
koc,2020,ジャルジャル,,優勝,人間味の欠如と充満,5番,477点,野次ワクチン,https://www.youtube.com/watch?v=PBe-mI5q_ZU,3番,464点,空き巣するのにタンバリン持ってきた奴,https://www.youtube.com/watch?v=rKMSJ3qN93E
koc,2020,ニューヨーク,,2位,隠れ悪意のファンタジスタ,9番,461点,結婚式の余興,https://www.youtube.com/watch?v=CWwvamL_4yA,2番,463点,ヤクザ,https://www.youtube.com/watch?v=UuRIcNfpFt8
koc,2020,空気階段,,3位,不可思議世界からの誘い,4番,458点,霊媒師,https://www.youtube.com/watch?v=dh46r7UrHYI,1番,463点,定時制高校,https://www.youtube.com/watch?v=a4Aow16xOUA
koc,2020,ザ・ギース,,4位,コント博士の異常な愛情,6番,457点,送別,,,,,
koc,2020,ニッポンの社長,,5位,奇怪なるファンシーワールド,8番,454点,ケンタウロス,,,,,
koc,2020,ジャングルポケット,,5位,体育会系 宇宙系 劇団系,10番,454点,脅迫,,,,,
koc,2020,ロングコートダディ,,7位,脱力系技巧派マイスター,3番,446点,井上さん,https://www.youtube.com/watch?v=lunby9UEukY,,,,
koc,2020,滝音,,8位,パワーワードの錬金術師,1番,445点,ラーメン屋,https://www.youtube.com/watch?v=HWkR9t6nVM4,,,,
koc,2020,GAG,,8位,三者三様の聖三角形,2番,445点,河川敷,,,,,
koc,2020,うるとらブギーズ,,10位,キレとコクの芳醇空間,7番,440点,陶芸家,https://www.youtube.com/watch?v=b3ZM_I_V1OM,,,,
koc,2019,どぶろっく,,優勝,,6番,480点,農夫と神様,,3番,455点,山男と神様,
koc,2019,うるとらブギーズ,,2位,,1番,462点,催眠術,https://www.youtube.com/watch?v=RLWxc2JncnA,2番,463点,サッカー実況解説,https://www.youtube.com/watch?v=NGHKnhlOHlE
koc,2019,ジャルジャル,,3位,,5番,457点（3票）,野球部,https://www.youtube.com/watch?v=oYG6-IpG-vw,1番,448点,空き巣,https://www.youtube.com/watch?v=EyGMilxXmOA
koc,2019,GAG,,4位,,8番,457点（2票）,芸人の彼女,,,,,
koc,2019,ゾフィー,,5位,,9番,452点,謝罪会見,https://www.youtube.com/watch?v=q3yMp3pad2s,,,,
koc,2019,ネルソンズ,,6位,,2番,446点,噂話,https://www.youtube.com/watch?v=CSraLlOzYEU,,,,
koc,2019,ビスケットブラザーズ,,6位,,4番,446点,知らない街,,,,,
koc,2019,かが屋,,6位,,7番,446点,花束,,,,,
koc,2019,空気階段,,9位,,3番,438点,タクシー,https://www.youtube.com/watch?v=iRuCiPLxUXU,,,,
koc,2019,わらふぢなるお,,9位,,10番,438点,バンジージャンプ,https://www.youtube.com/watch?v=gd_G2JFByhs,,,,
koc,2018,ハナコ,,優勝,,3番,464点,犬,https://www.youtube.com/watch?v=oDoQnVerVIs,1番,472点,捕まえて,https://www.youtube.com/watch?v=d6CoXK4PKBw
koc,2018,わらふぢなるお,,2位,,8番,468点,石渡くん,https://www.youtube.com/watch?v=aUwCb8Z1lUg,2番,454点,超能力,https://www.youtube.com/watch?v=Go_F8B5kGqU
koc,2018,チョコレートプラネット,,3位,,6番,478点,密室ゲーム,https://www.youtube.com/watch?v=XuGtemDI1Ao,3番,440点,棟梁,
koc,2018,さらば青春の光,,4位,,4番,463点,予備校,,,,,
koc,2018,ロビンフット,,5位,,9番,462点,彼女の年齢,https://www.youtube.com/watch?v=VJDVWsGeg84,,,,
koc,2018,ザ・ギース,,6位,,10番,458点,サイコメトリー,,,,,
koc,2018,マヂカルラブリー,,7位,,2番,443点,傘泥棒,,,,,
koc,2018,だーりんず,,8位,,5番,437点,お会計,https://www.youtube.com/watch?v=Sr_FmN4Plco,,,,
koc,2018,GAG,,8位,,7番,437点,居酒屋,,,,,
koc,2018,やさしいズ,,10位,,1番,419点,爆弾,https://www.youtube.com/watch?v=f7PSmfcDFJc,,,,
koc,2017,かまいたち,,優勝,浪速のエース 狙うは王者キングのみ,3番,464点,,,4番,478点,,
koc,2017,にゃんこスター,,2位,史上初!最速!最年少!,7番,466点,,,5番,462点,,
koc,2017,さらば青春の光,,3位,最多5度目の決勝!悲願のキングへ,6番,455点,,,3番,467点,,
koc,2017,ジャングルポケット,,4位,目指せ!悲願のウイニングラン!,2番,452点,,,2番,458点,,
koc,2017,アンガールズ,,5位,18年目の原点回帰,4番,452点,,,1番,452点,,
koc,2017,わらふぢなるお,,6位,1/2477の化学反応,1番,434点,,,,,,
koc,2017,アキナ,,7位,三度目の正直!進化を遂げた本格派,8番,432点,,,,,,
koc,2017,ゾフィー,,8位,前人未到!無所属フリーからキングへ,10番,422点,,,,,,
koc,2017,パーパー,,9位,不思議系ニュータイプ,5番,421点,,,,,,
koc,2017,GAG少年楽団,,10位,10年目につかんだ涙のファイナル,9番,419点,,,,,,
koc,2016,ライス,,優勝,芥川賞作家がひとめぼれ!,10番,466点,,,4番,470点,,
koc,2016,ジャングルポケット,,2位,王座を狙う!演技派コント三銃士!,6番,466点,,,5番,464点,,
koc,2016,かまいたち,,3位,浪速のエースが旋風を巻き起こす!,4番,458点,,,3番,456点,,
koc,2016,タイムマシーン3号,,4位,太っちょエンターテイナー,8番,445点,,,2番,448点,,
koc,2016,かもめんたる,,5位,前人未到!2度目のキングへ!,3番,444点,,,1番,439点,,
koc,2016,しずる,,6位,4度目の正直!見てろ!親父はキングになる!,1番,443点,突入,https://www.youtube.com/watch?v=i2ZMxTIAYTM,,,,
koc,2016,ジグザグジギー,,7位,蛇行の先に栄光をつかみとれ!,9番,433点,,,,,,
koc,2016,だーりんず,,8位,駐輪場のおじさんがスターへ!,7番,431点,,,,,,
koc,2016,ななまがり,,9位,正体不明のダークホース,5番,430点,,,,,,
koc,2016,ラブレターズ,,10位,コントの神様へ 届け!この想い!,2番,424点,,,,,,
koc,2015,コロコロチキチキペッパーズ,,優勝,魅惑ボイスの大穴コンビダークホース,4番,468点,,,4番,465点,,
koc,2015,バンビーノ,,2位,ダンソン返上 キング上等,6番,455点,,,3番,471点,,
koc,2015,ロッチ,,3位,熟成したコント職人,8番,478点,,,5番,429点,,
koc,2015,ジャングルポケット,,4位,クドさ全開!演劇トライアングル,2番,445点,,,1番,451点,,
koc,2015,藤崎マーケット,,5位,一発屋ラララライから王者へ,1番,451点,,,2番,442点,,
koc,2015,アキナ,,6位,浪速の超新星,9番,437点,,,,,,
koc,2015,ザ・ギース,,7位,7年越し 悲願のセカンドチャンス,7番,428点,,,,,,
koc,2015,巨匠,,7位,借金王クズからコント王キングへ,10番,428点,,,,,,
koc,2015,うしろシティ,,9位,復活のコントプリンス,5番,424点,,,,,,
koc,2015,さらば青春の光,,10位,史上初4年連続出場,3番,419点,,,,,,
koc,2014,シソンヌ,,優勝,ついに浮上!つきつめた\n狂喜のキャラ職人,第1試合 先攻,54点,,,5番,74点-27点,,
koc,2014,チョコレートプラネット,,2位,再起をかけた武者修行!\n磨いたコントで狙うは王座,第5試合 先攻,80点,,,1番,-,,
koc,2014,ラバーガール,,3位,俺らが獲らなきゃ誰が獲る!\n4年越しのお笑いリベンジャー,第2試合 先攻,83点,,,4番,40点-61点,,
koc,2014,バンビーノ,,4位,言葉はいらねぇ!\n世界を笑わす浪速の新星,第3試合 先攻,58点,,,2番,18点-83点,,
koc,2014,犬の心,,5位,吠えろ苦節17年!\n夢の舞台で負け犬返上!,第4試合 後攻,94点,,,3番,16点-85点,,
koc,2014,巨匠,,決勝進出,笑いで一括返済!今宵\n借金王からコント王へ,第1試合 後攻,47点,,,,,,
koc,2014,リンゴスター,,決勝進出,お笑い界の下剋上!目指せ\n史上最年少キング,第2試合 後攻,18点,,,,,,
koc,2014,さらば青春の光,,決勝進出,3年連続ファイナリスト!\n我が道を行く雑草コンビ,第3試合 後攻,43点,,,,,,
koc,2014,ラブレターズ,,決勝進出,いじめられっ子の逆襲!\n王者になって奴らを見返せ!,第4試合 先攻,7点,,,,,,
koc,2014,アキナ,,決勝進出,解散からの再出発リスタート!\n絆でつかめ笑いの頂点,第5試合 後攻,21点,,,,,,
koc,2013,かもめんたる,,優勝,王座へ飛翔!\nリベンジ誓う笑いの翼,3番,923点,,,8番,982点,,
koc,2013,鬼ヶ島,,2位,崖っぷち返上!\n絶叫コント三人衆,2番,904点,,,7番,950点,,
koc,2013,天竺鼠,,3位,4年ぶりの返り咲き!\n新・浪花のエース,4番,879点,,,4番,946点,,
koc,2013,さらば青春の光,,4位,ドン底から王者へ!\n無所属ロンリーファイナリスト,8番,899点,,,6番,847点,,
koc,2013,TKO,,5位,獲るまで辞めねぇ!\n不屈のアラフォーファイター,6番,896点,,,5番,808点,,
koc,2013,ジグザグジギー,,6位,覚醒!\nウンナン遺伝子の継承者,7番,825点,,,2番,819点,,
koc,2013,アルコ&ピース,,7位,念願の夢舞台\n解放!コント魂スピリッツ,5番,831点,,,3番,808点,,
koc,2013,うしろシティ,,8位,再び約束の地へ!\n舞い戻ったニューコント王子様プリンス,1番,773点,,,1番,814点,,
koc,2012,バイきんぐ,,優勝,魂の雄たけび!笑いの海賊,8番,967点,,,8番,974点,,
koc,2012,さらば青春の光,,2位,浪速の通天閣ルーキー,1番,862点,,,5番,945点,,
koc,2012,かもめんたる,,3位,夢よ再び!今夜羽ばたく!,4番,883点,,,6番,907点,,
koc,2012,しずる,,4位,三度目の正直!キングを狙うリベンジャー,6番,913点,能力者,https://www.youtube.com/watch?v=kArQyEnw6fc,7番,875点,びっくり先生,https://www.youtube.com/watch?v=vGQjFNIsHN0
koc,2012,うしろシティ,,5位,学生服の泣き虫ボーイズ,5番,843点,,,4番,837点,,
koc,2012,夜ふかしの会,,6位,演劇界からの5人の刺客,7番,778点,,,3番,717点,,
koc,2012,銀シャリ,,7位,コントで魅せる漫才魂ソウル,2番,754点,,,2番,732点,,
koc,2012,トップリード,,8位,屈辱をバネに!今年こそトップを獲る!,3番,711点,,,1番,683点,,
koc,2011,ロバート,,優勝,帰ってきた!キングトリオ!,3番,942点,,,8番,934点,,
koc,2011,2700,,2位,どん底から生還したビートメーカー,5番,884点,,,7番,925点,,
koc,2011,モンスターエンジン,,3位,お笑い怪物モンスターフルスロットル,6番,843点,,,5番,919点,,
koc,2011,インパルス,,4位,無限のコント製造マシーン,8番,815点,,,4番,881点,,
koc,2011,鬼ヶ島,,5位,受け継ぐキングのDNA,7番,874点,,,6番,805点,,
koc,2011,TKO,,6位,芸歴20年!不屈のアラフォーファイター,2番,757点,,,2番,877点,,
koc,2011,ラブレターズ,,7位,無印ノーマークのシンデレラボーイ,4番,790点,,,3番,798点,,
koc,2011,トップリード,,8位,トップで狙う!初出場!初優勝!,1番,750点,,,1番,765点,,
koc,2010,キングオブコメディ,,優勝,瞬殺!今夜本当のキングになる!,4番,908点,,,8番,928点,,
koc,2010,ピース,,2位,冷静×情熱 奇跡の化学反応,3番,827点,,,4番,942点,,
koc,2010,TKO,,3位,芸歴19年!驚異のチャレンジャー,1番,820点,,,2番,916点,,
koc,2010,ジャルジャル,,4位,逆襲を誓う若き浪花のコント師,5番,829点,,,5番,898点,,
koc,2010,ラバーガール,,5位,東京03キングの秘蔵っ子,7番,864点,,,6番,830点,,
koc,2010,しずる,,6位,玉座奪還 狙うはNo.1,8番,898点,シナリオ,https://www.youtube.com/watch?v=sWFhGOPgBaE,7番,772点,監督と俳優,
koc,2010,ロッチ,,7位,コントワールド無限大,2番,826点,,,3番,781点,,
koc,2010,エレキコミック,,8位,電撃バカ!1000万ボルト,6番,727点,,,1番,720点,,
koc,2009,東京03,,優勝,首都圏発!コント三銃士,1番,835点,,,7番,953点,,
koc,2009,サンドウィッチマン,,2位,2冠を狙うM-1王者,7番,878点,,,8番,865点,,
koc,2009,しずる,,3位,静かなる技巧派コント職人,6番,820点,冥土の土産,https://www.youtube.com/watch?v=QtylAJuFzlo,6番,831点,卓球,https://www.youtube.com/watch?v=fhnm2IfcJP4
koc,2009,インパルス,,4位,無限のコント製造マシーン,8番,767点,,,3番,868点,,
koc,2009,モンスターエンジン,,5位,お笑い怪物フルスロットル,3番,771点,,,4番,855点,,
koc,2009,ロッチ,,6位,遅れてきた本格派ルーキー,4番,807点,,,5番,804点,,
koc,2009,天竺鼠,,7位,唯一の2年連続ファイナリスト,5番,723点,,,1番,829点,,
koc,2009,ジャルジャル,,8位,逆襲を誓う若き浪花のコント師,2番,734点,,,2番,805点,,
koc,2008,バッファロー吾郎,,優勝,熟成されて19年,A-2番,460点,,,先攻,5票,,
koc,2008,バナナマン,,2位,ライブ至上主義,B-3番,482点,,,後攻,2票,,
koc,2008,ロバート,,3位,世にも奇妙な三重奏,B-2番,473点,,,,,,
koc,2008,チョコレートプラネット,,4位,未確認コント星人,B-1番,415点,,,,,,
koc,2008,ザ・ギース,,5位,解散をかけた挑戦!,A-3番,400点,,,,,,
koc,2008,天竺鼠,,6位,野心と情熱のコント志士,A-4番,388点,,,,,,
koc,2008,TKO,,7位,全国区 5回目の正直,A-1番,368点,,,,,,
koc,2008,2700,,8位,結成半年の奇跡ミラクルコンビ,B-4番,327点,,,,,,
r1,2025,友田オレ,,優勝,最年少優勝へ,8番,662点,,,3番,5票,,
r1,2025,ハギノリザードマン,,2位,I♡小道具,4番,655点,,,2番,2票,,
r1,2025,田津原理音,,3位,完全攻略,3番,654点,,,1番,0票,,
r1,2025,ルシファー吉岡,,4位,7度目の正直,5番,651点,,,,,,
r1,2025,チャンス大城,,5位,チャンス到来,2番,650点,,,,,,
r1,2025,マツモトクラブ,,6位,ミスター敗者復活,9番,647点,,,,,,
r1,2025,吉住,,7位,今度こそコントで,6番,641点,,,,,,
r1,2025,さや香 新山,,8位,新山100%,7番,639点,,,,,,
r1,2025,ヒロ・オクムラ,,9位,圧倒的話芸,1番,631点,,,,,,
r1,2024,街裏ぴんく,,優勝,,3番,471点,,,2番,3票,,
r1,2024,吉住,,2位,,7番,470点,,,1番,2票,,
r1,2024,ルシファー吉岡,,3位,,2番,475点,,,3番,0票,,
r1,2024,真輝志,,4位,,1番,458点,,,,,,
r1,2024,どくさいスイッチ企画,,4位,,9番,458点,,,,,,
r1,2024,サツマカワRPG,,6位,,6番,457点,,,,,,
r1,2024,寺田寛明,,7位,,5番,455点,,,,,,
r1,2024,kento fukaya,,8位,,4番,452点,,,,,,
r1,2024,トンツカタンお抹茶,,9位,,8番,448点,,,,,,
r1,2023,田津原理音,,優勝,フリップの境界線,7番,470点,,,先攻,3票,,
r1,2023,コットン きょん,,2位,コットン代表,8番,468点,,,後攻,2票,,
r1,2023,寺田寛明,,3位,日本語の面白さ,2番,464点,,,,,,
r1,2023,サツマカワRPG,,4位,サツマカワ純度100%,4番,462点,,,,,,
r1,2023,こたけ正義感,,4位,（復活ステージ1位）,6番,462点,,,,,,
r1,2023,カベポスター 永見,,6位,ピンネタ＞漫才,5番,460点,,,,,,
r1,2023,Yes!アキト,,7位,New!アキト,1番,456点,,,,,,
r1,2023,ラパルフェ 都留,,8位,モノマネ×コント,3番,451点,,,,,,
r1,2022,お見送り芸人しんいち,,優勝,歌とギター,2番,463点（3票）,,,先攻,3票,,
r1,2022,ZAZY,,2位,ZAZY最終章,6番,464点,,,後攻,2票,,
r1,2022,吉住,,3位,憑依型一人コント,4番,463点（2票）,,,,,,
r1,2022,金の国 渡部おにぎり,,3位,今宵ピン芸人として,8番,463点（0票）,,,,,,
r1,2022,サツマカワRPG,,5位,決勝への攻略法,5番,459点,,,,,,
r1,2022,寺田寛明,,6位,文字へのこだわり,7番,451点,,,,,,
r1,2022,kento fukaya,,7位,フリップの向こう側,1番,449点,,,,,,
r1,2022,Yes!アキト,,8位,（復活ステージ1位）,3番,447点,,,,,,
r1,2021,ゆりやんレトリィバァ,,優勝,クイーンオブやりたい放題,10番,666点,,,2番,663点,,
r1,2021,ZAZY,,2位,リズム系フリップ怪人,2番,669点,,,3番,656点,,
r1,2021,かが屋 賀屋,,3位,第七のコント男優,7番,655点,,,1番,650点,,
r1,2021,高田ぽる子,,4位,芸歴2才のぶっとび少女,9番,652点,,,,,,
r1,2021,森本サイダー,,5位,はじける!笑いの声量飲料水,4番,650点,,,,,,
r1,2021,kento fukaya,,5位,3連アートのマエストロ,8番,650点,,,,,,
r1,2021,土屋,,7位,妄走!ひとり言劇場,3番,647点,,,,,,
r1,2021,吉住,,8位,なりきりコントWoman,5番,646点,,,,,,
r1,2021,マツモトクラブ,,9位,（復活ステージ1位）,1番,637点,,,,,,
r1,2021,寺田寛明,,10位,今夜開講!ウケたいゼミナール,6番,633点,,,,,,
r1,2020,マヂカルラブリー野田クリスタル,,優勝,ハイパーオモシロクリエイター,A-4番,,,,,,,
r1,2020,大谷健太,,2位,（復活ステージ1位）,C-4番,,,,,,,
r1,2020,すゑひろがりず南條,,3位,この芸人いとをかし,B-4番,,,,,,,
r1,2020,SAKURAI,,決勝進出,謎の脱力系ロッカー,A-3番,,,,,,,
r1,2020,守谷日和,,決勝進出,ナニワの濃いくちアクター,A-2番,,,,,,,
r1,2020,メルヘン須長,,決勝進出,仮装研の女芸人,A-1番,,,,,,,
r1,2020,パーパーほしのディスコ,,決勝進出,ひとりぼっちの哀愁劇場,B-3番,,,,,,,
r1,2020,ななまがり森下,,決勝進出,令和のちょいヤバ芸人,B-2番,,,,,,,
r1,2020,ルシファー吉岡,,決勝進出,円熟のコント男優,B-1番,,,,,,,
r1,2020,ワタリ119,,決勝進出,出動!お笑いレスキュー,C-3番,,,,,,,
r1,2020,おいでやす小田,,決勝進出,はじけろ!怒りのボルテージ,C-2番,,,,,,,
r1,2020,ヒューマン中村,,決勝進出,帰ってきたネタ職人,C-1番,,,,,,,
r1,2019,霜降り明星 粗品,,優勝,2冠を狙う!フリップ王子,B-2番,,,,,,,
r1,2019,セルライトスパ 大須賀,,2位,心優しきイクメン芸人,A-4番,,,,,,,
r1,2019,だーりんず 松本りんす,,3位,隠しきれない名人芸,C-1番,,,,,,,
r1,2019,こがけん,,決勝進出,オーマイガーなエンターテイナー,A-3番,,,,,,,
r1,2019,チョコレートプラネット松尾,,決勝進出,完コピ♥ビューティー劇場,A-1番,,,,,,,
r1,2019,クロスバー直撃 前野悠介,,決勝進出,確かな品質のバカ職人,A-2番,,,,,,,
r1,2019,おいでやす小田,,決勝進出,はじけろ!怒りのボルテージ,B-1番,,,,,,,
r1,2019,マツモトクラブ,,決勝進出,（復活ステージ第2位）,B-4番,,,,,,,
r1,2019,ルシファー吉岡,,決勝進出,円熟のコント男優,B-3番,,,,,,,
r1,2019,三浦マイルド,,決勝進出,R-1ぐらんぷり2013王者,C-3番,,,,,,,
r1,2019,河邑ミク,,決勝進出,美しきナニワの怪演ガール,C-2番,,,,,,,
r1,2019,岡野陽一,,決勝進出,（復活ステージ第1位）,C-4番,,,,,,,
r1,2018,濱田祐太郎,,優勝,オンリーワン漫談,C-1番,,,,,,,
r1,2018,ゆりやんレトリィバァ,,2位,絶好調ぽっちゃりクイーン,B-3番,,,,,,,
r1,2018,おぐ,,3位,輝く!うすい彗星,A-4番,,,,,,,
r1,2018,おいでやす小田,,決勝進出,はじけろ!怒りのボルテージ,A-3番,,,,,,,
r1,2018,カニササレアヤコ,,決勝進出,雅なるダークホース,A-2番,,,,,,,
r1,2018,ルシファー吉岡,,決勝進出,円熟のコント男優,A-1番,,,,,,,
r1,2018,チョコレートプラネット長田,,決勝進出,完全自作自演ランド,B-2番,,,,,,,
r1,2018,霜降り明星 せいや,,決勝進出,（復活ステージ2位）,B-4番,,,,,,,
r1,2018,河邑ミク,,決勝進出,大阪ナリキリ娘,B-1番,,,,,,,
r1,2018,マツモトクラブ,,決勝進出,（復活ステージ1位）,C-4番,,,,,,,
r1,2018,霜降り明星 粗品,,決勝進出,めくるめくフリップ王子,C-3番,,,,,,,
r1,2018,紺野ぶるま,,決勝進出,恋する毒ガール,C-2番,,,,,,,
r1,2017,アキラ100%,,優勝,見えたらゴメンなさい,C-3番,,,,,,,
r1,2017,サンシャイン池崎,,2位,（復活ステージ3位）,A-4番,,,,,,,
r1,2017,石出奈々子,,3位,アニメの国の夢の少女,B-2番,,,,,,,
r1,2017,三浦マイルド,,決勝進出,R-1ぐらんぷり2013チャンピオン,A-3番,,,,,,,
r1,2017,横澤夏子,,決勝進出,おもしろガールズコレクション,A-2番,,,,,,,
r1,2017,レイザーラモンRG,,決勝進出,I am プレジデント,A-1番,,,,,,,
r1,2017,ゆりやんレトリィバァ,,決勝進出,ナチュラル系ぽっちゃりクイーン,B-1番,,,,,,,
r1,2017,ルシファー吉岡,,決勝進出,輝け!コント男優,B-3番,,,,,,,
r1,2017,紺野ぶるま,,決勝進出,（復活ステージ2位）,B-4番,,,,,,,
r1,2017,おいでやす小田,,決勝進出,（復活ステージ1位）,C-4番,,,,,,,
r1,2017,ブルゾンちえみ,,決勝進出,イイ女、ここにいます。,C-1番,,,,,,,
r1,2017,マツモトクラブ,,決勝進出,さすらいの独りシネマ,C-2番,,,,,,,
r1,2016,ハリウッドザコシショウ,,優勝,ルール無用のお笑い超人,B-1番,,,,,,,
r1,2016,小島よしお,,2位,進化をやめない肉体派,A-2番,,,,,,,
r1,2016,ゆりやんレトリィバァ,,3位,リズミカルぽっちゃりクイーン,C-2番,,,,,,,
r1,2016,エハラマサヒロ,,決勝進出,ニクい笑顔のエンターテイナー,A-1番,,,,,,,
r1,2016,シャンプーハットこいで,,決勝進出,規格外の絵心芸人,A-3番,,,,,,,
r1,2016,サンシャイン池崎,,決勝進出,（復活ステージ3位）,A-4番,,,,,,,
r1,2016,横澤夏子,,決勝進出,おもしろガールズコレクション,B-3番,,,,,,,
r1,2016,おいでやす小田,,決勝進出,関西発!びっくり劇場,B-2番,,,,,,,
r1,2016,ルシファー吉岡,,決勝進出,（復活ステージ2位）,B-4番,,,,,,,
r1,2016,厚切りジェイソン,,決勝進出,Why! Japanese people,C-1番,,,,,,,
r1,2016,マツモトクラブ,,決勝進出,（復活ステージ1位）,C-4番,,,,,,,
r1,2016,とにかく明るい安村,,決勝進出,「安心してください、着てますよ」,C-3番,,,,,,,
r1,2015,じゅんいちダビッドソン,,優勝,笑いのエースストライカー,C-3番,,,,,,,
r1,2015,マツモトクラブ,,2位,（復活ステージ2位）,B-4番,,,,,,,
r1,2015,ゆりやんレトリィバァ,,3位,気分はアカデミー女優,A-1番,,,,,,,
r1,2015,とにかく明るい安村,,決勝進出,安全の裸ミュージアム,A-3番,,,,,,,
r1,2015,COWCOW善し,,決勝進出,（復活ステージ3位）,A-4番,,,,,,,
r1,2015,あばれる君,,決勝進出,情熱の暴れん坊少年,A-2番,,,,,,,
r1,2015,エハラマサヒロ,,決勝進出,ニクい笑顔のエンターテイナー,B-2番,,,,,,,
r1,2015,厚切りジェイソン,,決勝進出,芸歴4ヶ月の異国芸人,B-1番,,,,,,,
r1,2015,アジアン馬場園,,決勝進出,ひとり芸の“時”は来た,B-3番,,,,,,,
r1,2015,やまもとまさみ,,決勝進出,R-1ぐらんぷり2014王者,C-2番,,,,,,,
r1,2015,ヒューマン中村,,決勝進出,（復活ステージ1位）,C-4番,,,,,,,
r1,2015,NON STYLE石田,,決勝進出,2つめの王座ねらってます。,C-1番,,,,,,,
r1,2014,やまもとまさみ,,優勝,開演!お一人さま劇場,B-3番,,,,,,,
r1,2014,レイザーラモンRG,,2位,本家あるあるシンガー,A-1番,,,,,,,
r1,2014,馬と魚,,2位,それいけ!雰囲気ミュージシャン,C-2番,,,,,,,
r1,2014,ヒューマン中村,,決勝進出,盤石のフリップ職人,A-2番,,,,,,,
r1,2014,スギちゃん,,決勝進出,ワイルドの頂点へ,A-4番,,,,,,,
r1,2014,TAIGA,,決勝進出,めでたいロックンローラー,A-3番,,,,,,,
r1,2014,中山女子短期大学,,決勝進出,鬼気迫るエンターテナー,B-4番,,,,,,,
r1,2014,小森園ひろし,,決勝進出,熱血コント魂,B-1番,,,,,,,
r1,2014,ミヤシタガク,,決勝進出,この男、ご注意下さい,B-2番,,,,,,,
r1,2014,バイク川崎バイク,,決勝進出,アクセル全開!漫談ライダー,C-1番,,,,,,,
r1,2014,おぐ,,決勝進出,鏡の前のマリオネット,C-3番,,,,,,,
r1,2014,じゅんいちダビッドソン,,決勝進出,笑いのエースストライカー,C-4番,,,,,,,
r1,2013,三浦マイルド,,優勝,心優しきパッションモンスター,A-2番,,,,,,,
r1,2013,ヒューマン中村,,2位,未知なるフリップショー,B-1番,,,,,,,
r1,2013,アンドーひであき,,2位,高性能ものまねアンドロイド,C-3番,,,,,,,
r1,2013,ヤナギブソン,,決勝進出,3人目の技巧派芸人,A-3番,,,,,,,
r1,2013,岸学,,決勝進出,ジャックバウアーの向こう側,A-1番,,,,,,,
r1,2013,プラスマイナス岩橋,,決勝進出,とびだせクセもの芸人,A-4番,,,,,,,
r1,2013,田上よしえ,,決勝進出,アラフォー突撃おもちゃ箱,B-3番,,,,,,,
r1,2013,桂三度,,決勝進出,挑む者日本の,B-4番,,,,,,,
r1,2013,三遊亭こうもり,,決勝進出,このたび落語はじめました,B-2番,,,,,,,
r1,2013,スギちゃん,,決勝進出,ワイルド宣言リベンジ,C-2番,,,,,,,
r1,2013,キンタロー。,,決勝進出,笑いのセンター総選挙,C-1番,,,,,,,
r1,2013,雷ジャクソン高本,,決勝進出,笑いの絶対海域,C-4番,,,,,,,
r1,2012,COWCOW 多田,,優勝,ほほえみギャグマシーン,A-4番,,,,,,,
r1,2012,スギちゃん,,2位,勝手にワイルド宣言,C-4番,,,,,,,
r1,2012,徳井義実,,3位,ハンサムだもの。,B-3番,,,,,,,
r1,2012,友近,,決勝進出,変幻自在のキャラ女王,A-1番,,,,,,,
r1,2012,AMEMIYA,,決勝進出,シンガーソング芸人の叫び,A-3番,,,,,,,
r1,2012,野性爆弾 川島,,決勝進出,予測不能のやんちゃ芸人,A-2番,,,,,,,
r1,2012,サイクロンZ,,決勝進出,はじけるエンターテインメント,B-1番,,,,,,,
r1,2012,いなだなおき,,決勝進出,笑撃のブサイク王子,B-2番,,,,,,,
r1,2012,キャプテン渡辺,,決勝進出,特攻の開き直り漫談,B-4番,,,,,,,
r1,2012,ヒューマン中村,,決勝進出,未知なるフリップショー,C-3番,,,,,,,
r1,2012,千鳥 大悟,,決勝進出,西のMANZAIあんちゃん,C-1番,,,,,,,
r1,2012,ヤナギブソン,,決勝進出,3人目の技巧派芸人,C-2番,,,,,,,
r1,2011,佐久間一行,,優勝,永遠のほんわか王子,7番,,,,,,,
r1,2011,AMEMIYA,,準優勝,シンガーソング芸人の叫び,3番,,,,,,,
r1,2011,COWCOW山田與志,,ベスト4,笑い仕掛けの癒し系アート,2番,,,,,,,
r1,2011,スリムクラブ真栄田,,ベスト4,進撃のハスキーモンスター,6番,,,,,,,
r1,2011,キャプテン渡辺,,ベスト8,特攻の開き直り漫談,1番,,,,,,,
r1,2011,バッファロー吾郎 木村,,ベスト8,絶好調!コントキング,4番,,,,,,,
r1,2011,ナオユキ,,ベスト8,熟練のボヤき風来坊,5番,,,,,,,
r1,2011,ヒューマン中村,,ベスト8,謎の人間観察マニア,8番,,,,,,,
r1,2010,あべこうじ,,優勝,ちょいウザスタンダップコメディ,9番,658点,,,2番,6票,,
r1,2010,エハラマサヒロ,,2位,ニクい笑顔のエンターティナー,8番,655点,,,1番,1票,,
r1,2010,なだぎ武,,3位,この男2連覇コメディアンにつき,7番,661点,,,3番,0票,,
r1,2010,川島明,,4位,低音ボイスの貴公子,5番,645点,,,,,,
r1,2010,いとうあさこ,,5位,アラフォーの青春にタッチ,3番,641点,,,,,,
r1,2010,Gたかし,,6位,叫ぶ!モノマネ格闘家,4番,639点,,,,,,
r1,2010,バカリズム,,7位,発想自在のネタ職人,2番,630点,,,,,,
r1,2010,我人祥太,,8位,暴走する青年の主張,6番,628点,,,,,,
r1,2010,COWCOW山田與志,,9位,笑い仕掛けの癒し系アート,1番,627点,,,,,,
r1,2009,中山功太,,優勝,技巧派フレーズ王子,10番,683点,,,,,,
r1,2009,エハラマサヒロ,,2位,ニクい笑顔のエンターティナー,4番,675点,,,,,,
r1,2009,バカリズム,,3位,発想自在のネタ職人,3番,672点,,,,,,
r1,2009,COWCOW山田與志,,3位,笑い仕掛けの癒し系フリップ,8番,672点,,,,,,
r1,2009,あべこうじ,,5位,ちょいウザスタンダップコメディ,9番,663点,,,,,,
r1,2009,サイクロンZ,,6位,あっぱれ!ダンシングヒーロー,5番,662点,,,,,,
r1,2009,鬼頭真也,,7位,疾風怒濤の図書委員,7番,645点,,,,,,
r1,2009,鳥居みゆき,,8位,キレ芸暴走プリンセス,6番,642点,,,,,,
r1,2009,岸学,,9位,笑撃!24時間トラブル発生,2番,634点,,,,,,
r1,2009,夙川アトム,,10位,正体不明のギョーカイ人,1番,622点,,,,,,
r1,2008,なだぎ武,,優勝,この男コメディアンにつき,4番,474点,,,,,,
r1,2008,芋洗坂係長,,2位,突如現れた謎のメタボ芸人,7番,472点,,,,,,
r1,2008,世界のナベアツ,,3位,微笑のエンターテイナー,2番,469点,,,,,,
r1,2008,中山功太,,4位,クセ者芸人真っ向リベンジ,3番,459点,,,,,,
r1,2008,あべこうじ,,5位,帰ってきたちょいウザピン芸人,6番,454点,,,,,,
r1,2008,鳥居みゆき,,6位,キレ芸暴走モード突入,5番,451点,,,,,,
r1,2008,土肥ポン太,,7位,浪花からピン芸開化の音がする,8番,449点,,,,,,
r1,2008,COWCOW山田よし,,8位,北の国から〜’08 爆笑〜,1番,447点,,,,,,
r1,2007,なだぎ武,,優勝,この男コメディアンにつき,8番,456点（4票）,,,,,,
r1,2007,徳井義実,,2位,M-1王者が2冠を狙う,2番,456点（1票）,,,,,,
r1,2007,バカリズム,,3位,変幻自在のネタ職人,7番,448点,,,,,,
r1,2007,土肥ポン太,,4位,浪花のアンダーグラウンド芸人,1番,440点,,,,,,
r1,2007,友近,,5位,無冠のR-1女王,4番,439点,,,,,,
r1,2007,やまもとまさみ,,6位,陽気なダークホース,6番,438点,,,,,,
r1,2007,ウメ,,7位,アート系不思議ちゃん芸人,5番,437点,,,,,,
r1,2007,大輪教授,,8位,情熱の理数系芸人,3番,409点,,,,,,
r1,2006,博多華丸,,優勝,冷静沈着な西国の鷹,8番,450点,,,,,,
r1,2006,あべこうじ,,2位,正統派スタンダップコメディ,5番,438点,,,,,,
r1,2006,浅越ゴエ,,3位,才知あふれる技巧派弁士,6番,434点,,,,,,
r1,2006,バカリズム,,4位,玄人好みのネタ職人,2番,418点,,,,,,
r1,2006,岸学,,5位,不気味なダークホース,7番,416点,,,,,,
r1,2006,友近,,6位,無冠のR-1女王,1番,406点,,,,,,
r1,2006,中山功太,,7位,ピン芸新時代の申し子,3番,405点,,,,,,
r1,2006,キャプテン☆ボンバー,,8位,自由の国のごきげんマッスル,4番,382点,,,,,,
r1,2005,ほっしゃん。,,優勝,独特の観点から来る一人コント\n芸歴15年貫禄十分,6番,478点,,,,,,
r1,2005,井上マー,,2位,オレの熱い魂を聞いてくれ\n青春の一人シャウト,8番,473点,,,,,,
r1,2005,あべこうじ,,3位,終わりの知らないハイスピードマシンガン話芸\n正統派漫談,3番,471点,,,,,,
r1,2005,友近,,4位,孤高の一人コント師\n千の顔を持つ女,4番,458点,,,,,,
r1,2005,ネゴシックス,,4位,島根が生んだお笑いビックリ箱\n今日も怒り話芸全開か?,2番,458点,,,,,,
r1,2005,ヒロシ,,6位,もてない男の自虐的漫談\n2年連続決勝進出,5番,436点,,,,,,
r1,2005,中山功太,,7位,無限に広がる言葉のチョイス\n言葉の宇宙空間,7番,434点,,,,,,
r1,2005,長州小力,,8位,ダンスとプロレスアートのコラボ芸\n一人話芸の異種格闘技,1番,429点,,,,,,
r1,2004,浅越ゴエ,,優勝,ニュース漫談でお馴染み\n吉本が生んだIQ芸人,1番,,,,,,,
r1,2004,ネゴシックス,,2位,出雲弁を駆使した壊れた芸風\n破壊的一人話芸,5番,,,,,,,
r1,2004,友近,,決勝進出,独特な目線と人間描写\n孤高の女コント師,2番,,,,,,,
r1,2004,ヤナギブソン,,決勝進出,コントユニットザ・プラン9からの第二の使者\n一人大喜利王,3番,,,,,,,
r1,2004,陣内智則,,決勝進出,若手一人コントの第一人者\nミスター一人コント,4番,,,,,,,
r1,2004,南野やじ,,決勝進出,お経に合わせて踊る四文字熟語\n漢字の魔術師,6番,,,,,,,
r1,2004,ヒロシ,,決勝進出,背中に見える哀愁\n九州出身の自虐的漫談師,7番,,,,,,,
r1,2004,あべこうじ,,決勝進出,爽やかなのに胡散臭い\n東のマシンガントーク芸人,8番,,,,,,,
r1,2002,だいたひかる,,優勝,,12番,,,,,,,
r1,2002,中田なおき,,決勝進出,,1番,,,,,,,
r1,2002,友近,,決勝進出,,2番,,,,,,,
r1,2002,陣内智則,,決勝進出,,3番,,,,,,,
r1,2002,水玉れっぷう隊 アキ,,決勝進出,,4番,,,,,,,
r1,2002,パペットマペット,,決勝進出,,5番,,,,,,,
r1,2002,オール阪神,,決勝進出,,6番,,,,,,,
r1,2002,浅越ゴエ,,決勝進出,,7番,,,,,,,
r1,2002,ケンドーコバヤシ,,決勝進出,,8番,,,,,,,
r1,2002,南野やじ,,決勝進出,,9番,,,,,,,
r1,2002,桂三若,,決勝進出,,10番,,,,,,,
r1,2002,笑福亭三喬,,決勝進出,,11番,,,,,,,
