comp,year,round_no,comedian_name,comedian_number,seat_no,score
m1,2024,1,令和ロマン,,1,96
m1,2024,1,令和ロマン,,2,93
m1,2024,1,令和ロマン,,3,90
m1,2024,1,令和ロマン,,4,94
m1,2024,1,令和ロマン,,5,96
m1,2024,1,令和ロマン,,6,96
m1,2024,1,令和ロマン,,7,95
m1,2024,1,令和ロマン,,8,97
m1,2024,1,令和ロマン,,9,93
m1,2024,1,ヤーレンズ,,1,92
m1,2024,1,ヤーレンズ,,2,92
m1,2024,1,ヤーレンズ,,3,91
m1,2024,1,ヤーレンズ,,4,92
m1,2024,1,ヤーレンズ,,5,92
m1,2024,1,ヤーレンズ,,6,91
m1,2024,1,ヤーレンズ,,7,91
m1,2024,1,ヤーレンズ,,8,94
m1,2024,1,ヤーレンズ,,9,90
m1,2024,1,真空ジェシカ,,1,97
m1,2024,1,真空ジェシカ,,2,94
m1,2024,1,真空ジェシカ,,3,90
m1,2024,1,真空ジェシカ,,4,93
m1,2024,1,真空ジェシカ,,5,95
m1,2024,1,真空ジェシカ,,6,97
m1,2024,1,真空ジェシカ,,7,94
m1,2024,1,真空ジェシカ,,8,95
m1,2024,1,真空ジェシカ,,9,94
m1,2024,1,マユリカ,,1,93
m1,2024,1,マユリカ,,2,91
m1,2024,1,マユリカ,,3,88
m1,2024,1,マユリカ,,4,91
m1,2024,1,マユリカ,,5,91
m1,2024,1,マユリカ,,6,90
m1,2024,1,マユリカ,,7,89
m1,2024,1,マユリカ,,8,96
m1,2024,1,マユリカ,,9,91
m1,2024,1,ダイタク,,1,90
m1,2024,1,ダイタク,,2,93
m1,2024,1,ダイタク,,3,89
m1,2024,1,ダイタク,,4,92
m1,2024,1,ダイタク,,5,90
m1,2024,1,ダイタク,,6,92
m1,2024,1,ダイタク,,7,88
m1,2024,1,ダイタク,,8,94
m1,2024,1,ダイタク,,9,92
m1,2024,1,ジョックロック,,1,89
m1,2024,1,ジョックロック,,2,91
m1,2024,1,ジョックロック,,3,91
m1,2024,1,ジョックロック,,4,90
m1,2024,1,ジョックロック,,5,89
m1,2024,1,ジョックロック,,6,93
m1,2024,1,ジョックロック,,7,88
m1,2024,1,ジョックロック,,8,95
m1,2024,1,ジョックロック,,9,93
m1,2024,1,バッテリィズ,,1,95
m1,2024,1,バッテリィズ,,2,93
m1,2024,1,バッテリィズ,,3,95
m1,2024,1,バッテリィズ,,4,95
m1,2024,1,バッテリィズ,,5,97
m1,2024,1,バッテリィズ,,6,96
m1,2024,1,バッテリィズ,,7,96
m1,2024,1,バッテリィズ,,8,97
m1,2024,1,バッテリィズ,,9,97
m1,2024,1,ママタルト,,1,88
m1,2024,1,ママタルト,,2,89
m1,2024,1,ママタルト,,3,89
m1,2024,1,ママタルト,,4,89
m1,2024,1,ママタルト,,5,90
m1,2024,1,ママタルト,,6,93
m1,2024,1,ママタルト,,7,89
m1,2024,1,ママタルト,,8,92
m1,2024,1,ママタルト,,9,93
m1,2024,1,エバース,,1,94
m1,2024,1,エバース,,2,94
m1,2024,1,エバース,,3,93
m1,2024,1,エバース,,4,94
m1,2024,1,エバース,,5,96
m1,2024,1,エバース,,6,94
m1,2024,1,エバース,,7,93
m1,2024,1,エバース,,8,94
m1,2024,1,エバース,,9,96
m1,2024,1,トム・ブラウン,,1,95
m1,2024,1,トム・ブラウン,,2,95
m1,2024,1,トム・ブラウン,,3,92
m1,2024,1,トム・ブラウン,,4,93
m1,2024,1,トム・ブラウン,,5,88
m1,2024,1,トム・ブラウン,,6,90
m1,2024,1,トム・ブラウン,,7,87
m1,2024,1,トム・ブラウン,,8,94
m1,2024,1,トム・ブラウン,,9,89
m1,2023,1,令和ロマン,,1,92
m1,2023,1,令和ロマン,,2,91
m1,2023,1,令和ロマン,,3,94
m1,2023,1,令和ロマン,,4,93
m1,2023,1,令和ロマン,,5,94
m1,2023,1,令和ロマン,,6,94
m1,2023,1,令和ロマン,,7,90
m1,2023,1,シシガシラ,,1,87
m1,2023,1,シシガシラ,,2,88
m1,2023,1,シシガシラ,,3,91
m1,2023,1,シシガシラ,,4,90
m1,2023,1,シシガシラ,,5,92
m1,2023,1,シシガシラ,,6,91
m1,2023,1,シシガシラ,,7,88
m1,2023,1,さや香,,1,98
m1,2023,1,さや香,,2,94
m1,2023,1,さや香,,3,95
m1,2023,1,さや香,,4,93
m1,2023,1,さや香,,5,96
m1,2023,1,さや香,,6,94
m1,2023,1,さや香,,7,89
m1,2023,1,カベポスター,,1,94
m1,2023,1,カベポスター,,2,89
m1,2023,1,カベポスター,,3,88
m1,2023,1,カベポスター,,4,89
m1,2023,1,カベポスター,,5,95
m1,2023,1,カベポスター,,6,92
m1,2023,1,カベポスター,,7,88
m1,2023,1,マユリカ,,1,92
m1,2023,1,マユリカ,,2,90
m1,2023,1,マユリカ,,3,96
m1,2023,1,マユリカ,,4,92
m1,2023,1,マユリカ,,5,92
m1,2023,1,マユリカ,,6,92
m1,2023,1,マユリカ,,7,91
m1,2023,1,ヤーレンズ,,1,93
m1,2023,1,ヤーレンズ,,2,91
m1,2023,1,ヤーレンズ,,3,97
m1,2023,1,ヤーレンズ,,4,93
m1,2023,1,ヤーレンズ,,5,96
m1,2023,1,ヤーレンズ,,6,93
m1,2023,1,ヤーレンズ,,7,93
m1,2023,1,真空ジェシカ,,1,90
m1,2023,1,真空ジェシカ,,2,95
m1,2023,1,真空ジェシカ,,3,93
m1,2023,1,真空ジェシカ,,4,91
m1,2023,1,真空ジェシカ,,5,91
m1,2023,1,真空ジェシカ,,6,91
m1,2023,1,真空ジェシカ,,7,92
m1,2023,1,ダンビラムーチョ,,1,93
m1,2023,1,ダンビラムーチョ,,2,89
m1,2023,1,ダンビラムーチョ,,3,92
m1,2023,1,ダンビラムーチョ,,4,91
m1,2023,1,ダンビラムーチョ,,5,90
m1,2023,1,ダンビラムーチョ,,6,89
m1,2023,1,ダンビラムーチョ,,7,87
m1,2023,1,くらげ,,1,89
m1,2023,1,くらげ,,2,87
m1,2023,1,くらげ,,3,89
m1,2023,1,くらげ,,4,90
m1,2023,1,くらげ,,5,89
m1,2023,1,くらげ,,6,90
m1,2023,1,くらげ,,7,86
m1,2023,1,モグライダー,,1,87
m1,2023,1,モグライダー,,2,89
m1,2023,1,モグライダー,,3,90
m1,2023,1,モグライダー,,4,91
m1,2023,1,モグライダー,,5,93
m1,2023,1,モグライダー,,6,91
m1,2023,1,モグライダー,,7,91
m1,2022,1,カベポスター,,1,84
m1,2022,1,カベポスター,,2,94
m1,2022,1,カベポスター,,3,92
m1,2022,1,カベポスター,,4,93
m1,2022,1,カベポスター,,5,89
m1,2022,1,カベポスター,,6,92
m1,2022,1,カベポスター,,7,90
m1,2022,1,真空ジェシカ,,1,95
m1,2022,1,真空ジェシカ,,2,92
m1,2022,1,真空ジェシカ,,3,92
m1,2022,1,真空ジェシカ,,4,92
m1,2022,1,真空ジェシカ,,5,94
m1,2022,1,真空ジェシカ,,6,94
m1,2022,1,真空ジェシカ,,7,88
m1,2022,1,オズワルド,,1,87
m1,2022,1,オズワルド,,2,93
m1,2022,1,オズワルド,,3,90
m1,2022,1,オズワルド,,4,90
m1,2022,1,オズワルド,,5,95
m1,2022,1,オズワルド,,6,92
m1,2022,1,オズワルド,,7,92
m1,2022,1,ロングコートダディ,,1,94
m1,2022,1,ロングコートダディ,,2,92
m1,2022,1,ロングコートダディ,,3,94
m1,2022,1,ロングコートダディ,,4,96
m1,2022,1,ロングコートダディ,,5,96
m1,2022,1,ロングコートダディ,,6,95
m1,2022,1,ロングコートダディ,,7,93
m1,2022,1,さや香,,1,92
m1,2022,1,さや香,,2,96
m1,2022,1,さや香,,3,95
m1,2022,1,さや香,,4,97
m1,2022,1,さや香,,5,95
m1,2022,1,さや香,,6,97
m1,2022,1,さや香,,7,95
m1,2022,1,男性ブランコ,,1,86
m1,2022,1,男性ブランコ,,2,91
m1,2022,1,男性ブランコ,,3,92
m1,2022,1,男性ブランコ,,4,95
m1,2022,1,男性ブランコ,,5,94
m1,2022,1,男性ブランコ,,6,96
m1,2022,1,男性ブランコ,,7,96
m1,2022,1,ダイヤモンド,,1,86
m1,2022,1,ダイヤモンド,,2,90
m1,2022,1,ダイヤモンド,,3,88
m1,2022,1,ダイヤモンド,,4,88
m1,2022,1,ダイヤモンド,,5,88
m1,2022,1,ダイヤモンド,,6,89
m1,2022,1,ダイヤモンド,,7,87
m1,2022,1,ヨネダ2000,,1,91
m1,2022,1,ヨネダ2000,,2,91
m1,2022,1,ヨネダ2000,,3,96
m1,2022,1,ヨネダ2000,,4,91
m1,2022,1,ヨネダ2000,,5,97
m1,2022,1,ヨネダ2000,,6,90
m1,2022,1,ヨネダ2000,,7,91
m1,2022,1,キュウ,,1,87
m1,2022,1,キュウ,,2,90
m1,2022,1,キュウ,,3,88
m1,2022,1,キュウ,,4,90
m1,2022,1,キュウ,,5,89
m1,2022,1,キュウ,,6,90
m1,2022,1,キュウ,,7,86
m1,2022,1,ウエストランド,,1,91
m1,2022,1,ウエストランド,,2,93
m1,2022,1,ウエストランド,,3,93
m1,2022,1,ウエストランド,,4,94
m1,2022,1,ウエストランド,,5,98
m1,2022,1,ウエストランド,,6,96
m1,2022,1,ウエストランド,,7,94
m1,2021,1,モグライダー,,1,91
m1,2021,1,モグライダー,,2,93
m1,2021,1,モグライダー,,3,92
m1,2021,1,モグライダー,,4,89
m1,2021,1,モグライダー,,5,90
m1,2021,1,モグライダー,,6,89
m1,2021,1,モグライダー,,7,93
m1,2021,1,ランジャタイ,,1,87
m1,2021,1,ランジャタイ,,2,91
m1,2021,1,ランジャタイ,,3,90
m1,2021,1,ランジャタイ,,4,96
m1,2021,1,ランジャタイ,,5,89
m1,2021,1,ランジャタイ,,6,87
m1,2021,1,ランジャタイ,,7,88
m1,2021,1,ゆにばーす,,1,89
m1,2021,1,ゆにばーす,,2,92
m1,2021,1,ゆにばーす,,3,91
m1,2021,1,ゆにばーす,,4,91
m1,2021,1,ゆにばーす,,5,93
m1,2021,1,ゆにばーす,,6,88
m1,2021,1,ゆにばーす,,7,94
m1,2021,1,ハライチ,,1,88
m1,2021,1,ハライチ,,2,90
m1,2021,1,ハライチ,,3,89
m1,2021,1,ハライチ,,4,90
m1,2021,1,ハライチ,,5,89
m1,2021,1,ハライチ,,6,92
m1,2021,1,ハライチ,,7,98
m1,2021,1,真空ジェシカ,,1,90
m1,2021,1,真空ジェシカ,,2,89
m1,2021,1,真空ジェシカ,,3,92
m1,2021,1,真空ジェシカ,,4,94
m1,2021,1,真空ジェシカ,,5,94
m1,2021,1,真空ジェシカ,,6,90
m1,2021,1,真空ジェシカ,,7,89
m1,2021,1,オズワルド,,1,94
m1,2021,1,オズワルド,,2,95
m1,2021,1,オズワルド,,3,95
m1,2021,1,オズワルド,,4,96
m1,2021,1,オズワルド,,5,96
m1,2021,1,オズワルド,,6,96
m1,2021,1,オズワルド,,7,93
m1,2021,1,ロングコートダディ,,1,89
m1,2021,1,ロングコートダディ,,2,90
m1,2021,1,ロングコートダディ,,3,93
m1,2021,1,ロングコートダディ,,4,95
m1,2021,1,ロングコートダディ,,5,95
m1,2021,1,ロングコートダディ,,6,91
m1,2021,1,ロングコートダディ,,7,96
m1,2021,1,錦鯉,,1,92
m1,2021,1,錦鯉,,2,94
m1,2021,1,錦鯉,,3,94
m1,2021,1,錦鯉,,4,90
m1,2021,1,錦鯉,,5,96
m1,2021,1,錦鯉,,6,94
m1,2021,1,錦鯉,,7,95
m1,2021,1,インディアンス,,1,92
m1,2021,1,インディアンス,,2,91
m1,2021,1,インディアンス,,3,93
m1,2021,1,インディアンス,,4,94
m1,2021,1,インディアンス,,5,94
m1,2021,1,インディアンス,,6,93
m1,2021,1,インディアンス,,7,98
m1,2021,1,もも,,1,91
m1,2021,1,もも,,2,90
m1,2021,1,もも,,3,91
m1,2021,1,もも,,4,96
m1,2021,1,もも,,5,95
m1,2021,1,もも,,6,92
m1,2021,1,もも,,7,90
m1,2020,1,インディアンス,,1,89
m1,2020,1,インディアンス,,2,89
m1,2020,1,インディアンス,,3,85
m1,2020,1,インディアンス,,4,89
m1,2020,1,インディアンス,,5,90
m1,2020,1,インディアンス,,6,90
m1,2020,1,インディアンス,,7,93
m1,2020,1,東京ホテイソン,,1,86
m1,2020,1,東京ホテイソン,,2,91
m1,2020,1,東京ホテイソン,,3,85
m1,2020,1,東京ホテイソン,,4,89
m1,2020,1,東京ホテイソン,,5,88
m1,2020,1,東京ホテイソン,,6,86
m1,2020,1,東京ホテイソン,,7,92
m1,2020,1,ニューヨーク,,1,88
m1,2020,1,ニューヨーク,,2,93
m1,2020,1,ニューヨーク,,3,93
m1,2020,1,ニューヨーク,,4,91
m1,2020,1,ニューヨーク,,5,91
m1,2020,1,ニューヨーク,,6,92
m1,2020,1,ニューヨーク,,7,94
m1,2020,1,見取り図,,1,91
m1,2020,1,見取り図,,2,92
m1,2020,1,見取り図,,3,93
m1,2020,1,見取り図,,4,93
m1,2020,1,見取り図,,5,93
m1,2020,1,見取り図,,6,91
m1,2020,1,見取り図,,7,95
m1,2020,1,おいでやすこが,,1,92
m1,2020,1,おいでやすこが,,2,93
m1,2020,1,おいでやすこが,,3,93
m1,2020,1,おいでやすこが,,4,96
m1,2020,1,おいでやすこが,,5,95
m1,2020,1,おいでやすこが,,6,95
m1,2020,1,おいでやすこが,,7,94
m1,2020,1,マヂカルラブリー,,1,88
m1,2020,1,マヂカルラブリー,,2,94
m1,2020,1,マヂカルラブリー,,3,94
m1,2020,1,マヂカルラブリー,,4,90
m1,2020,1,マヂカルラブリー,,5,96
m1,2020,1,マヂカルラブリー,,6,93
m1,2020,1,マヂカルラブリー,,7,94
m1,2020,1,オズワルド,,1,88
m1,2020,1,オズワルド,,2,91
m1,2020,1,オズワルド,,3,95
m1,2020,1,オズワルド,,4,93
m1,2020,1,オズワルド,,5,95
m1,2020,1,オズワルド,,6,88
m1,2020,1,オズワルド,,7,92
m1,2020,1,アキナ,,1,89
m1,2020,1,アキナ,,2,88
m1,2020,1,アキナ,,3,87
m1,2020,1,アキナ,,4,90
m1,2020,1,アキナ,,5,91
m1,2020,1,アキナ,,6,85
m1,2020,1,アキナ,,7,92
m1,2020,1,錦鯉,,1,87
m1,2020,1,錦鯉,,2,92
m1,2020,1,錦鯉,,3,95
m1,2020,1,錦鯉,,4,95
m1,2020,1,錦鯉,,5,92
m1,2020,1,錦鯉,,6,89
m1,2020,1,錦鯉,,7,93
m1,2020,1,ウエストランド,,1,88
m1,2020,1,ウエストランド,,2,91
m1,2020,1,ウエストランド,,3,85
m1,2020,1,ウエストランド,,4,86
m1,2020,1,ウエストランド,,5,90
m1,2020,1,ウエストランド,,6,90
m1,2020,1,ウエストランド,,7,92
m1,2019,1,ニューヨーク,,1,87
m1,2019,1,ニューヨーク,,2,91
m1,2019,1,ニューヨーク,,3,90
m1,2019,1,ニューヨーク,,4,88
m1,2019,1,ニューヨーク,,5,88
m1,2019,1,ニューヨーク,,6,82
m1,2019,1,ニューヨーク,,7,90
m1,2019,1,かまいたち,,1,93
m1,2019,1,かまいたち,,2,95
m1,2019,1,かまいたち,,3,95
m1,2019,1,かまいたち,,4,93
m1,2019,1,かまいたち,,5,94
m1,2019,1,かまいたち,,6,95
m1,2019,1,かまいたち,,7,95
m1,2019,1,和牛,,1,92
m1,2019,1,和牛,,2,96
m1,2019,1,和牛,,3,96
m1,2019,1,和牛,,4,91
m1,2019,1,和牛,,5,93
m1,2019,1,和牛,,6,92
m1,2019,1,和牛,,7,92
m1,2019,1,すゑひろがりず,,1,92
m1,2019,1,すゑひろがりず,,2,91
m1,2019,1,すゑひろがりず,,3,92
m1,2019,1,すゑひろがりず,,4,90
m1,2019,1,すゑひろがりず,,5,91
m1,2019,1,すゑひろがりず,,6,89
m1,2019,1,すゑひろがりず,,7,92
m1,2019,1,からし蓮根,,1,93
m1,2019,1,からし蓮根,,2,90
m1,2019,1,からし蓮根,,3,89
m1,2019,1,からし蓮根,,4,90
m1,2019,1,からし蓮根,,5,93
m1,2019,1,からし蓮根,,6,90
m1,2019,1,からし蓮根,,7,94
m1,2019,1,見取り図,,1,94
m1,2019,1,見取り図,,2,92
m1,2019,1,見取り図,,3,94
m1,2019,1,見取り図,,4,91
m1,2019,1,見取り図,,5,93
m1,2019,1,見取り図,,6,91
m1,2019,1,見取り図,,7,94
m1,2019,1,ミルクボーイ,,1,97
m1,2019,1,ミルクボーイ,,2,99
m1,2019,1,ミルクボーイ,,3,97
m1,2019,1,ミルクボーイ,,4,97
m1,2019,1,ミルクボーイ,,5,96
m1,2019,1,ミルクボーイ,,6,97
m1,2019,1,ミルクボーイ,,7,98
m1,2019,1,オズワルド,,1,91
m1,2019,1,オズワルド,,2,89
m1,2019,1,オズワルド,,3,89
m1,2019,1,オズワルド,,4,91
m1,2019,1,オズワルド,,5,94
m1,2019,1,オズワルド,,6,90
m1,2019,1,オズワルド,,7,94
m1,2019,1,インディアンス,,1,92
m1,2019,1,インディアンス,,2,89
m1,2019,1,インディアンス,,3,87
m1,2019,1,インディアンス,,4,90
m1,2019,1,インディアンス,,5,92
m1,2019,1,インディアンス,,6,88
m1,2019,1,インディアンス,,7,94
m1,2019,1,ぺこぱ,,1,93
m1,2019,1,ぺこぱ,,2,94
m1,2019,1,ぺこぱ,,3,91
m1,2019,1,ぺこぱ,,4,94
m1,2019,1,ぺこぱ,,5,92
m1,2019,1,ぺこぱ,,6,94
m1,2019,1,ぺこぱ,,7,96
m1,2018,1,見取り図,,1,88
m1,2018,1,見取り図,,2,91
m1,2018,1,見取り図,,3,85
m1,2018,1,見取り図,,4,85
m1,2018,1,見取り図,,5,86
m1,2018,1,見取り図,,6,83
m1,2018,1,見取り図,,7,88
m1,2018,1,スーパーマラドーナ,,1,87
m1,2018,1,スーパーマラドーナ,,2,90
m1,2018,1,スーパーマラドーナ,,3,89
m1,2018,1,スーパーマラドーナ,,4,88
m1,2018,1,スーパーマラドーナ,,5,89
m1,2018,1,スーパーマラドーナ,,6,85
m1,2018,1,スーパーマラドーナ,,7,89
m1,2018,1,かまいたち,,1,89
m1,2018,1,かまいたち,,2,92
m1,2018,1,かまいたち,,3,92
m1,2018,1,かまいたち,,4,88
m1,2018,1,かまいたち,,5,91
m1,2018,1,かまいたち,,6,90
m1,2018,1,かまいたち,,7,94
m1,2018,1,ジャルジャル,,1,93
m1,2018,1,ジャルジャル,,2,93
m1,2018,1,ジャルジャル,,3,93
m1,2018,1,ジャルジャル,,4,99
m1,2018,1,ジャルジャル,,5,90
m1,2018,1,ジャルジャル,,6,92
m1,2018,1,ジャルジャル,,7,88
m1,2018,1,ギャロップ,,1,87
m1,2018,1,ギャロップ,,2,90
m1,2018,1,ギャロップ,,3,89
m1,2018,1,ギャロップ,,4,86
m1,2018,1,ギャロップ,,5,87
m1,2018,1,ギャロップ,,6,86
m1,2018,1,ギャロップ,,7,89
m1,2018,1,ゆにばーす,,1,84
m1,2018,1,ゆにばーす,,2,91
m1,2018,1,ゆにばーす,,3,82
m1,2018,1,ゆにばーす,,4,87
m1,2018,1,ゆにばーす,,5,86
m1,2018,1,ゆにばーす,,6,80
m1,2018,1,ゆにばーす,,7,84
m1,2018,1,ミキ,,1,90
m1,2018,1,ミキ,,2,93
m1,2018,1,ミキ,,3,90
m1,2018,1,ミキ,,4,89
m1,2018,1,ミキ,,5,90
m1,2018,1,ミキ,,6,88
m1,2018,1,ミキ,,7,98
m1,2018,1,トム・ブラウン,,1,87
m1,2018,1,トム・ブラウン,,2,90
m1,2018,1,トム・ブラウン,,3,93
m1,2018,1,トム・ブラウン,,4,97
m1,2018,1,トム・ブラウン,,5,89
m1,2018,1,トム・ブラウン,,6,91
m1,2018,1,トム・ブラウン,,7,86
m1,2018,1,霜降り明星,,1,93
m1,2018,1,霜降り明星,,2,96
m1,2018,1,霜降り明星,,3,98
m1,2018,1,霜降り明星,,4,93
m1,2018,1,霜降り明星,,5,91
m1,2018,1,霜降り明星,,6,94
m1,2018,1,霜降り明星,,7,97
m1,2018,1,和牛,,1,92
m1,2018,1,和牛,,2,94
m1,2018,1,和牛,,3,94
m1,2018,1,和牛,,4,93
m1,2018,1,和牛,,5,92
m1,2018,1,和牛,,6,93
m1,2018,1,和牛,,7,98
m1,2017,1,ゆにばーす,,1,89
m1,2017,1,ゆにばーす,,2,87
m1,2017,1,ゆにばーす,,3,90
m1,2017,1,ゆにばーす,,4,91
m1,2017,1,ゆにばーす,,5,92
m1,2017,1,ゆにばーす,,6,87
m1,2017,1,ゆにばーす,,7,90
m1,2017,1,カミナリ,,1,87
m1,2017,1,カミナリ,,2,86
m1,2017,1,カミナリ,,3,89
m1,2017,1,カミナリ,,4,90
m1,2017,1,カミナリ,,5,91
m1,2017,1,カミナリ,,6,85
m1,2017,1,カミナリ,,7,90
m1,2017,1,とろサーモン,,1,88
m1,2017,1,とろサーモン,,2,93
m1,2017,1,とろサーモン,,3,93
m1,2017,1,とろサーモン,,4,93
m1,2017,1,とろサーモン,,5,93
m1,2017,1,とろサーモン,,6,92
m1,2017,1,とろサーモン,,7,93
m1,2017,1,スーパーマラドーナ,,1,94
m1,2017,1,スーパーマラドーナ,,2,91
m1,2017,1,スーパーマラドーナ,,3,92
m1,2017,1,スーパーマラドーナ,,4,91
m1,2017,1,スーパーマラドーナ,,5,93
m1,2017,1,スーパーマラドーナ,,6,90
m1,2017,1,スーパーマラドーナ,,7,89
m1,2017,1,かまいたち,,1,95
m1,2017,1,かまいたち,,2,89
m1,2017,1,かまいたち,,3,94
m1,2017,1,かまいたち,,4,90
m1,2017,1,かまいたち,,5,92
m1,2017,1,かまいたち,,6,91
m1,2017,1,かまいたち,,7,89
m1,2017,1,マヂカルラブリー,,1,86
m1,2017,1,マヂカルラブリー,,2,89
m1,2017,1,マヂカルラブリー,,3,88
m1,2017,1,マヂカルラブリー,,4,89
m1,2017,1,マヂカルラブリー,,5,88
m1,2017,1,マヂカルラブリー,,6,84
m1,2017,1,マヂカルラブリー,,7,83
m1,2017,1,さや香,,1,87
m1,2017,1,さや香,,2,91
m1,2017,1,さや香,,3,90
m1,2017,1,さや香,,4,90
m1,2017,1,さや香,,5,90
m1,2017,1,さや香,,6,90
m1,2017,1,さや香,,7,90
m1,2017,1,ミキ,,1,93
m1,2017,1,ミキ,,2,94
m1,2017,1,ミキ,,3,91
m1,2017,1,ミキ,,4,92
m1,2017,1,ミキ,,5,91
m1,2017,1,ミキ,,6,94
m1,2017,1,ミキ,,7,95
m1,2017,1,和牛,,1,92
m1,2017,1,和牛,,2,92
m1,2017,1,和牛,,3,93
m1,2017,1,和牛,,4,94
m1,2017,1,和牛,,5,94
m1,2017,1,和牛,,6,93
m1,2017,1,和牛,,7,95
m1,2017,1,ジャルジャル,,1,93
m1,2017,1,ジャルジャル,,2,88
m1,2017,1,ジャルジャル,,3,89
m1,2017,1,ジャルジャル,,4,90
m1,2017,1,ジャルジャル,,5,91
m1,2017,1,ジャルジャル,,6,95
m1,2017,1,ジャルジャル,,7,90
m1,2016,1,アキナ,,1,92
m1,2016,1,アキナ,,2,89
m1,2016,1,アキナ,,3,89
m1,2016,1,アキナ,,4,87
m1,2016,1,アキナ,,5,89
m1,2016,1,カミナリ,,1,91
m1,2016,1,カミナリ,,2,90
m1,2016,1,カミナリ,,3,90
m1,2016,1,カミナリ,,4,89
m1,2016,1,カミナリ,,5,81
m1,2016,1,相席スタート,,1,87
m1,2016,1,相席スタート,,2,88
m1,2016,1,相席スタート,,3,87
m1,2016,1,相席スタート,,4,84
m1,2016,1,相席スタート,,5,90
m1,2016,1,銀シャリ,,1,96
m1,2016,1,銀シャリ,,2,91
m1,2016,1,銀シャリ,,3,93
m1,2016,1,銀シャリ,,4,95
m1,2016,1,銀シャリ,,5,95
m1,2016,1,スリムクラブ,,1,85
m1,2016,1,スリムクラブ,,2,89
m1,2016,1,スリムクラブ,,3,88
m1,2016,1,スリムクラブ,,4,90
m1,2016,1,スリムクラブ,,5,89
m1,2016,1,ハライチ,,1,91
m1,2016,1,ハライチ,,2,88
m1,2016,1,ハライチ,,3,89
m1,2016,1,ハライチ,,4,85
m1,2016,1,ハライチ,,5,93
m1,2016,1,スーパーマラドーナ,,1,90
m1,2016,1,スーパーマラドーナ,,2,95
m1,2016,1,スーパーマラドーナ,,3,92
m1,2016,1,スーパーマラドーナ,,4,89
m1,2016,1,スーパーマラドーナ,,5,93
m1,2016,1,さらば青春の光,,1,87
m1,2016,1,さらば青春の光,,2,90
m1,2016,1,さらば青春の光,,3,90
m1,2016,1,さらば青春の光,,4,90
m1,2016,1,さらば青春の光,,5,91
m1,2016,1,和牛,,1,95
m1,2016,1,和牛,,2,95
m1,2016,1,和牛,,3,91
m1,2016,1,和牛,,4,93
m1,2016,1,和牛,,5,95
m1,2015,1,メイプル超合金,,1,89
m1,2015,1,メイプル超合金,,2,89
m1,2015,1,メイプル超合金,,3,89
m1,2015,1,メイプル超合金,,4,92
m1,2015,1,メイプル超合金,,5,91
m1,2015,1,メイプル超合金,,6,85
m1,2015,1,メイプル超合金,,7,89
m1,2015,1,メイプル超合金,,8,85
m1,2015,1,メイプル超合金,,9,87
m1,2015,1,馬鹿よ貴方は,,1,90
m1,2015,1,馬鹿よ貴方は,,2,90
m1,2015,1,馬鹿よ貴方は,,3,83
m1,2015,1,馬鹿よ貴方は,,4,93
m1,2015,1,馬鹿よ貴方は,,5,89
m1,2015,1,馬鹿よ貴方は,,6,83
m1,2015,1,馬鹿よ貴方は,,7,90
m1,2015,1,馬鹿よ貴方は,,8,85
m1,2015,1,馬鹿よ貴方は,,9,88
m1,2015,1,スーパーマラドーナ,,1,90
m1,2015,1,スーパーマラドーナ,,2,93
m1,2015,1,スーパーマラドーナ,,3,88
m1,2015,1,スーパーマラドーナ,,4,91
m1,2015,1,スーパーマラドーナ,,5,89
m1,2015,1,スーパーマラドーナ,,6,90
m1,2015,1,スーパーマラドーナ,,7,93
m1,2015,1,スーパーマラドーナ,,8,87
m1,2015,1,スーパーマラドーナ,,9,92
m1,2015,1,和牛,,1,88
m1,2015,1,和牛,,2,90
m1,2015,1,和牛,,3,88
m1,2015,1,和牛,,4,90
m1,2015,1,和牛,,5,90
m1,2015,1,和牛,,6,86
m1,2015,1,和牛,,7,92
m1,2015,1,和牛,,8,92
m1,2015,1,和牛,,9,90
m1,2015,1,ジャルジャル,,1,93
m1,2015,1,ジャルジャル,,2,93
m1,2015,1,ジャルジャル,,3,94
m1,2015,1,ジャルジャル,,4,94
m1,2015,1,ジャルジャル,,5,96
m1,2015,1,ジャルジャル,,6,90
m1,2015,1,ジャルジャル,,7,96
m1,2015,1,ジャルジャル,,8,89
m1,2015,1,ジャルジャル,,9,89
m1,2015,1,銀シャリ,,1,92
m1,2015,1,銀シャリ,,2,89
m1,2015,1,銀シャリ,,3,87
m1,2015,1,銀シャリ,,4,92
m1,2015,1,銀シャリ,,5,95
m1,2015,1,銀シャリ,,6,89
m1,2015,1,銀シャリ,,7,92
m1,2015,1,銀シャリ,,8,91
m1,2015,1,銀シャリ,,9,91
m1,2015,1,ハライチ,,1,87
m1,2015,1,ハライチ,,2,88
m1,2015,1,ハライチ,,3,86
m1,2015,1,ハライチ,,4,89
m1,2015,1,ハライチ,,5,89
m1,2015,1,ハライチ,,6,83
m1,2015,1,ハライチ,,7,85
m1,2015,1,ハライチ,,8,89
m1,2015,1,ハライチ,,9,92
m1,2015,1,タイムマシーン3号,,1,88
m1,2015,1,タイムマシーン3号,,2,91
m1,2015,1,タイムマシーン3号,,3,94
m1,2015,1,タイムマシーン3号,,4,93
m1,2015,1,タイムマシーン3号,,5,88
m1,2015,1,タイムマシーン3号,,6,89
m1,2015,1,タイムマシーン3号,,7,90
m1,2015,1,タイムマシーン3号,,8,90
m1,2015,1,タイムマシーン3号,,9,93
m1,2015,1,トレンディエンジェル,,1,91
m1,2015,1,トレンディエンジェル,,2,92
m1,2015,1,トレンディエンジェル,,3,92
m1,2015,1,トレンディエンジェル,,4,93
m1,2015,1,トレンディエンジェル,,5,88
m1,2015,1,トレンディエンジェル,,6,93
m1,2015,1,トレンディエンジェル,,7,89
m1,2015,1,トレンディエンジェル,,8,93
m1,2015,1,トレンディエンジェル,,9,94
koc,2025,1,青色1号,,1,92
koc,2025,1,青色1号,,2,91
koc,2025,1,青色1号,,3,94
koc,2025,1,青色1号,,4,89
koc,2025,1,青色1号,,5,92
koc,2025,1,うるとらブギーズ,,1,88
koc,2025,1,うるとらブギーズ,,2,91
koc,2025,1,うるとらブギーズ,,3,90
koc,2025,1,うるとらブギーズ,,4,88
koc,2025,1,うるとらブギーズ,,5,91
koc,2025,1,元祖いちごちゃん,,1,92
koc,2025,1,元祖いちごちゃん,,2,90
koc,2025,1,元祖いちごちゃん,,3,89
koc,2025,1,元祖いちごちゃん,,4,87
koc,2025,1,元祖いちごちゃん,,5,89
koc,2025,1,しずる,,1,88
koc,2025,1,しずる,,2,92
koc,2025,1,しずる,,3,96
koc,2025,1,しずる,,4,93
koc,2025,1,しずる,,5,88
koc,2025,1,トム・ブラウン,,1,90
koc,2025,1,トム・ブラウン,,2,94
koc,2025,1,トム・ブラウン,,3,92
koc,2025,1,トム・ブラウン,,4,86
koc,2025,1,トム・ブラウン,,5,89
koc,2025,1,ファイヤーサンダー,,1,90
koc,2025,1,ファイヤーサンダー,,2,90
koc,2025,1,ファイヤーサンダー,,3,91
koc,2025,1,ファイヤーサンダー,,4,92
koc,2025,1,ファイヤーサンダー,,5,94
koc,2025,1,ベルナルド,,1,91
koc,2025,1,ベルナルド,,2,89
koc,2025,1,ベルナルド,,3,90
koc,2025,1,ベルナルド,,4,85
koc,2025,1,ベルナルド,,5,90
koc,2025,1,や団,,1,96
koc,2025,1,や団,,2,93
koc,2025,1,や団,,3,97
koc,2025,1,や団,,4,94
koc,2025,1,や団,,5,93
koc,2025,1,レインボー,,1,94
koc,2025,1,レインボー,,2,97
koc,2025,1,レインボー,,3,93
koc,2025,1,レインボー,,4,90
koc,2025,1,レインボー,,5,90
koc,2025,1,ロングコートダディ,,1,94
koc,2025,1,ロングコートダディ,,2,95
koc,2025,1,ロングコートダディ,,3,95
koc,2025,1,ロングコートダディ,,4,95
koc,2025,1,ロングコートダディ,,5,95
koc,2025,2,ロングコートダディ,,1,97
koc,2025,2,ロングコートダディ,,2,97
koc,2025,2,ロングコートダディ,,3,92
koc,2025,2,ロングコートダディ,,4,91
koc,2025,2,ロングコートダディ,,5,94
koc,2025,2,や団,,1,92
koc,2025,2,や団,,2,94
koc,2025,2,や団,,3,93
koc,2025,2,や団,,4,92
koc,2025,2,や団,,5,93
koc,2025,2,レインボー,,1,91
koc,2025,2,レインボー,,2,92
koc,2025,2,レインボー,,3,90
koc,2025,2,レインボー,,4,89
koc,2025,2,レインボー,,5,92
koc,2024,1,ラブレターズ,,1,95
koc,2024,1,ラブレターズ,,2,95
koc,2024,1,ラブレターズ,,3,94
koc,2024,1,ラブレターズ,,4,96
koc,2024,1,ラブレターズ,,5,95
koc,2024,1,隣人,,1,92
koc,2024,1,隣人,,2,91
koc,2024,1,隣人,,3,92
koc,2024,1,隣人,,4,92
koc,2024,1,隣人,,5,91
koc,2024,1,cacao,,1,94
koc,2024,1,cacao,,2,91
koc,2024,1,cacao,,3,93
koc,2024,1,cacao,,4,95
koc,2024,1,cacao,,5,95
koc,2024,1,ファイヤーサンダー,,1,95
koc,2024,1,ファイヤーサンダー,,2,95
koc,2024,1,ファイヤーサンダー,,3,94
koc,2024,1,ファイヤーサンダー,,4,94
koc,2024,1,ファイヤーサンダー,,5,98
koc,2024,1,ニッポンの社長,,1,92
koc,2024,1,ニッポンの社長,,2,93
koc,2024,1,ニッポンの社長,,3,95
koc,2024,1,ニッポンの社長,,4,96
koc,2024,1,ニッポンの社長,,5,92
koc,2024,1,コットン,,1,91
koc,2024,1,コットン,,2,91
koc,2024,1,コットン,,3,93
koc,2024,1,コットン,,4,93
koc,2024,1,コットン,,5,93
koc,2024,1,や団,,1,96
koc,2024,1,や団,,2,94
koc,2024,1,や団,,3,96
koc,2024,1,や団,,4,96
koc,2024,1,や団,,5,92
koc,2024,1,シティホテル3号室,,1,93
koc,2024,1,シティホテル3号室,,2,92
koc,2024,1,シティホテル3号室,,3,94
koc,2024,1,シティホテル3号室,,4,95
koc,2024,1,シティホテル3号室,,5,97
koc,2024,1,ダンビラムーチョ,,1,94
koc,2024,1,ダンビラムーチョ,,2,94
koc,2024,1,ダンビラムーチョ,,3,95
koc,2024,1,ダンビラムーチョ,,4,93
koc,2024,1,ダンビラムーチョ,,5,93
koc,2024,1,ロングコートダディ,,1,96
koc,2024,1,ロングコートダディ,,2,95
koc,2024,1,ロングコートダディ,,3,94
koc,2024,1,ロングコートダディ,,4,94
koc,2024,1,ロングコートダディ,,5,96
koc,2024,2,ラブレターズ,,1,94
koc,2024,2,ラブレターズ,,2,96
koc,2024,2,ラブレターズ,,3,95
koc,2024,2,ラブレターズ,,4,94
koc,2024,2,ラブレターズ,,5,93
koc,2024,2,ロングコートダディ,,1,95
koc,2024,2,ロングコートダディ,,2,95
koc,2024,2,ロングコートダディ,,3,96
koc,2024,2,ロングコートダディ,,4,93
koc,2024,2,ロングコートダディ,,5,92
koc,2024,2,ファイヤーサンダー,,1,93
koc,2024,2,ファイヤーサンダー,,2,94
koc,2024,2,ファイヤーサンダー,,3,93
koc,2024,2,ファイヤーサンダー,,4,95
koc,2024,2,ファイヤーサンダー,,5,94
koc,2023,1,カゲヤマ,,1,95
koc,2023,1,カゲヤマ,,2,95
koc,2023,1,カゲヤマ,,3,92
koc,2023,1,カゲヤマ,,4,92
koc,2023,1,カゲヤマ,,5,95
koc,2023,1,ニッポンの社長,,1,90
koc,2023,1,ニッポンの社長,,2,94
koc,2023,1,ニッポンの社長,,3,94
koc,2023,1,ニッポンの社長,,4,94
koc,2023,1,ニッポンの社長,,5,96
koc,2023,1,や団,,1,92
koc,2023,1,や団,,2,93
koc,2023,1,や団,,3,93
koc,2023,1,や団,,4,94
koc,2023,1,や団,,5,93
koc,2023,1,蛙亭,,1,92
koc,2023,1,蛙亭,,2,94
koc,2023,1,蛙亭,,3,90
koc,2023,1,蛙亭,,4,93
koc,2023,1,蛙亭,,5,94
koc,2023,1,ジグザグジギー,,1,93
koc,2023,1,ジグザグジギー,,2,94
koc,2023,1,ジグザグジギー,,3,93
koc,2023,1,ジグザグジギー,,4,91
koc,2023,1,ジグザグジギー,,5,93
koc,2023,1,ゼンモンキー,,1,92
koc,2023,1,ゼンモンキー,,2,91
koc,2023,1,ゼンモンキー,,3,90
koc,2023,1,ゼンモンキー,,4,91
koc,2023,1,ゼンモンキー,,5,92
koc,2023,1,隣人,,1,91
koc,2023,1,隣人,,2,92
koc,2023,1,隣人,,3,91
koc,2023,1,隣人,,4,92
koc,2023,1,隣人,,5,94
koc,2023,1,ファイヤーサンダー,,1,94
koc,2023,1,ファイヤーサンダー,,2,94
koc,2023,1,ファイヤーサンダー,,3,91
koc,2023,1,ファイヤーサンダー,,4,95
koc,2023,1,ファイヤーサンダー,,5,92
koc,2023,1,サルゴリラ,,1,97
koc,2023,1,サルゴリラ,,2,96
koc,2023,1,サルゴリラ,,3,96
koc,2023,1,サルゴリラ,,4,96
koc,2023,1,サルゴリラ,,5,97
koc,2023,1,ラブレターズ,,1,92
koc,2023,1,ラブレターズ,,2,93
koc,2023,1,ラブレターズ,,3,93
koc,2023,1,ラブレターズ,,4,93
koc,2023,1,ラブレターズ,,5,93
koc,2023,2,ニッポンの社長,,1,93
koc,2023,2,ニッポンの社長,,2,95
koc,2023,2,ニッポンの社長,,3,94
koc,2023,2,ニッポンの社長,,4,91
koc,2023,2,ニッポンの社長,,5,93
koc,2023,2,カゲヤマ,,1,94
koc,2023,2,カゲヤマ,,2,96
koc,2023,2,カゲヤマ,,3,95
koc,2023,2,カゲヤマ,,4,96
koc,2023,2,カゲヤマ,,5,95
koc,2023,2,サルゴリラ,,1,95
koc,2023,2,サルゴリラ,,2,97
koc,2023,2,サルゴリラ,,3,97
koc,2023,2,サルゴリラ,,4,97
koc,2023,2,サルゴリラ,,5,96
koc,2022,1,クロコップ,,1,90
koc,2022,1,クロコップ,,2,93
koc,2022,1,クロコップ,,3,94
koc,2022,1,クロコップ,,4,90
koc,2022,1,クロコップ,,5,93
koc,2022,1,ネルソンズ,,1,96
koc,2022,1,ネルソンズ,,2,92
koc,2022,1,ネルソンズ,,3,92
koc,2022,1,ネルソンズ,,4,94
koc,2022,1,ネルソンズ,,5,92
koc,2022,1,かが屋,,1,94
koc,2022,1,かが屋,,2,93
koc,2022,1,かが屋,,3,93
koc,2022,1,かが屋,,4,92
koc,2022,1,かが屋,,5,91
koc,2022,1,いぬ,,1,91
koc,2022,1,いぬ,,2,94
koc,2022,1,いぬ,,3,90
koc,2022,1,いぬ,,4,89
koc,2022,1,いぬ,,5,95
koc,2022,1,ロングコートダディ,,1,92
koc,2022,1,ロングコートダディ,,2,95
koc,2022,1,ロングコートダディ,,3,92
koc,2022,1,ロングコートダディ,,4,92
koc,2022,1,ロングコートダディ,,5,90
koc,2022,1,や団,,1,93
koc,2022,1,や団,,2,95
koc,2022,1,や団,,3,93
koc,2022,1,や団,,4,95
koc,2022,1,や団,,5,94
koc,2022,1,コットン,,1,96
koc,2022,1,コットン,,2,96
koc,2022,1,コットン,,3,91
koc,2022,1,コットン,,4,91
koc,2022,1,コットン,,5,96
koc,2022,1,ビスケットブラザーズ,,1,95
koc,2022,1,ビスケットブラザーズ,,2,96
koc,2022,1,ビスケットブラザーズ,,3,97
koc,2022,1,ビスケットブラザーズ,,4,95
koc,2022,1,ビスケットブラザーズ,,5,98
koc,2022,1,ニッポンの社長,,1,89
koc,2022,1,ニッポンの社長,,2,93
koc,2022,1,ニッポンの社長,,3,92
koc,2022,1,ニッポンの社長,,4,91
koc,2022,1,ニッポンの社長,,5,90
koc,2022,1,最高の人間,,1,91
koc,2022,1,最高の人間,,2,92
koc,2022,1,最高の人間,,3,93
koc,2022,1,最高の人間,,4,93
koc,2022,1,最高の人間,,5,93
koc,2022,2,や団,,1,95
koc,2022,2,や団,,2,94
koc,2022,2,や団,,3,94
koc,2022,2,や団,,4,96
koc,2022,2,や団,,5,94
koc,2022,2,コットン,,1,96
koc,2022,2,コットン,,2,95
koc,2022,2,コットン,,3,95
koc,2022,2,コットン,,4,95
koc,2022,2,コットン,,5,93
koc,2022,2,ビスケットブラザーズ,,1,95
koc,2022,2,ビスケットブラザーズ,,2,96
koc,2022,2,ビスケットブラザーズ,,3,96
koc,2022,2,ビスケットブラザーズ,,4,97
koc,2022,2,ビスケットブラザーズ,,5,98
koc,2021,1,蛙亭,,1,93
koc,2021,1,蛙亭,,2,90
koc,2021,1,蛙亭,,3,93
koc,2021,1,蛙亭,,4,93
koc,2021,1,蛙亭,,5,92
koc,2021,1,ジェラードン,,1,90
koc,2021,1,ジェラードン,,2,96
koc,2021,1,ジェラードン,,3,92
koc,2021,1,ジェラードン,,4,91
koc,2021,1,ジェラードン,,5,93
koc,2021,1,男性ブランコ,,1,96
koc,2021,1,男性ブランコ,,2,96
koc,2021,1,男性ブランコ,,3,94
koc,2021,1,男性ブランコ,,4,95
koc,2021,1,男性ブランコ,,5,91
koc,2021,1,うるとらブギーズ,,1,90
koc,2021,1,うるとらブギーズ,,2,93
koc,2021,1,うるとらブギーズ,,3,93
koc,2021,1,うるとらブギーズ,,4,94
koc,2021,1,うるとらブギーズ,,5,90
koc,2021,1,ニッポンの社長,,1,95
koc,2021,1,ニッポンの社長,,2,95
koc,2021,1,ニッポンの社長,,3,94
koc,2021,1,ニッポンの社長,,4,90
koc,2021,1,ニッポンの社長,,5,89
koc,2021,1,そいつどいつ,,1,92
koc,2021,1,そいつどいつ,,2,89
koc,2021,1,そいつどいつ,,3,91
koc,2021,1,そいつどいつ,,4,89
koc,2021,1,そいつどいつ,,5,95
koc,2021,1,ニューヨーク,,1,91
koc,2021,1,ニューヨーク,,2,90
koc,2021,1,ニューヨーク,,3,90
koc,2021,1,ニューヨーク,,4,92
koc,2021,1,ニューヨーク,,5,90
koc,2021,1,ザ・マミィ,,1,96
koc,2021,1,ザ・マミィ,,2,96
koc,2021,1,ザ・マミィ,,3,95
koc,2021,1,ザ・マミィ,,4,93
koc,2021,1,ザ・マミィ,,5,96
koc,2021,1,空気階段,,1,98
koc,2021,1,空気階段,,2,97
koc,2021,1,空気階段,,3,97
koc,2021,1,空気階段,,4,97
koc,2021,1,空気階段,,5,97
koc,2021,1,マヂカルラブリー,,1,92
koc,2021,1,マヂカルラブリー,,2,91
koc,2021,1,マヂカルラブリー,,3,89
koc,2021,1,マヂカルラブリー,,4,89
koc,2021,1,マヂカルラブリー,,5,94
koc,2021,2,男性ブランコ,,1,93
koc,2021,2,男性ブランコ,,2,91
koc,2021,2,男性ブランコ,,3,93
koc,2021,2,男性ブランコ,,4,93
koc,2021,2,男性ブランコ,,5,93
koc,2021,2,ザ・マミィ,,1,94
koc,2021,2,ザ・マミィ,,2,91
koc,2021,2,ザ・マミィ,,3,91
koc,2021,2,ザ・マミィ,,4,91
koc,2021,2,ザ・マミィ,,5,92
koc,2021,2,空気階段,,1,96
koc,2021,2,空気階段,,2,93
koc,2021,2,空気階段,,3,95
koc,2021,2,空気階段,,4,95
koc,2021,2,空気階段,,5,95
koc,2020,1,滝音,,1,90
koc,2020,1,滝音,,2,90
koc,2020,1,滝音,,3,90
koc,2020,1,滝音,,4,89
koc,2020,1,滝音,,5,86
koc,2020,1,GAG,,1,88
koc,2020,1,GAG,,2,90
koc,2020,1,GAG,,3,91
koc,2020,1,GAG,,4,91
koc,2020,1,GAG,,5,85
koc,2020,1,ロングコートダディ,,1,90
koc,2020,1,ロングコートダディ,,2,88
koc,2020,1,ロングコートダディ,,3,90
koc,2020,1,ロングコートダディ,,4,90
koc,2020,1,ロングコートダディ,,5,88
koc,2020,1,空気階段,,1,94
koc,2020,1,空気階段,,2,93
koc,2020,1,空気階段,,3,89
koc,2020,1,空気階段,,4,92
koc,2020,1,空気階段,,5,90
koc,2020,1,ジャルジャル,,1,95
koc,2020,1,ジャルジャル,,2,97
koc,2020,1,ジャルジャル,,3,96
koc,2020,1,ジャルジャル,,4,94
koc,2020,1,ジャルジャル,,5,95
koc,2020,1,ザ・ギース,,1,92
koc,2020,1,ザ・ギース,,2,91
koc,2020,1,ザ・ギース,,3,91
koc,2020,1,ザ・ギース,,4,91
koc,2020,1,ザ・ギース,,5,92
koc,2020,1,うるとらブギーズ,,1,90
koc,2020,1,うるとらブギーズ,,2,87
koc,2020,1,うるとらブギーズ,,3,87
koc,2020,1,うるとらブギーズ,,4,89
koc,2020,1,うるとらブギーズ,,5,87
koc,2020,1,ニッポンの社長,,1,92
koc,2020,1,ニッポンの社長,,2,91
koc,2020,1,ニッポンの社長,,3,86
koc,2020,1,ニッポンの社長,,4,92
koc,2020,1,ニッポンの社長,,5,93
koc,2020,1,ニューヨーク,,1,92
koc,2020,1,ニューヨーク,,2,90
koc,2020,1,ニューヨーク,,3,92
koc,2020,1,ニューヨーク,,4,93
koc,2020,1,ニューヨーク,,5,94
koc,2020,1,ジャングルポケット,,1,92
koc,2020,1,ジャングルポケット,,2,91
koc,2020,1,ジャングルポケット,,3,88
koc,2020,1,ジャングルポケット,,4,92
koc,2020,1,ジャングルポケット,,5,91
koc,2020,2,空気階段,,1,92
koc,2020,2,空気階段,,2,93
koc,2020,2,空気階段,,3,90
koc,2020,2,空気階段,,4,95
koc,2020,2,空気階段,,5,93
koc,2020,2,ニューヨーク,,1,95
koc,2020,2,ニューヨーク,,2,95
koc,2020,2,ニューヨーク,,3,90
koc,2020,2,ニューヨーク,,4,91
koc,2020,2,ニューヨーク,,5,92
koc,2020,2,ジャルジャル,,1,93
koc,2020,2,ジャルジャル,,2,94
koc,2020,2,ジャルジャル,,3,90
koc,2020,2,ジャルジャル,,4,92
koc,2020,2,ジャルジャル,,5,95
koc,2019,1,うるとらブギーズ,,1,90
koc,2019,1,うるとらブギーズ,,2,95
koc,2019,1,うるとらブギーズ,,3,95
koc,2019,1,うるとらブギーズ,,4,92
koc,2019,1,うるとらブギーズ,,5,90
koc,2019,1,ネルソンズ,,1,90
koc,2019,1,ネルソンズ,,2,90
koc,2019,1,ネルソンズ,,3,90
koc,2019,1,ネルソンズ,,4,90
koc,2019,1,ネルソンズ,,5,86
koc,2019,1,空気階段,,1,87
koc,2019,1,空気階段,,2,88
koc,2019,1,空気階段,,3,88
koc,2019,1,空気階段,,4,90
koc,2019,1,空気階段,,5,85
koc,2019,1,ビスケットブラザーズ,,1,89
koc,2019,1,ビスケットブラザーズ,,2,90
koc,2019,1,ビスケットブラザーズ,,3,90
koc,2019,1,ビスケットブラザーズ,,4,88
koc,2019,1,ビスケットブラザーズ,,5,89
koc,2019,1,ジャルジャル,,1,92
koc,2019,1,ジャルジャル,,2,93
koc,2019,1,ジャルジャル,,3,89
koc,2019,1,ジャルジャル,,4,90
koc,2019,1,ジャルジャル,,5,93
koc,2019,1,どぶろっく,,1,93
koc,2019,1,どぶろっく,,2,96
koc,2019,1,どぶろっく,,3,98
koc,2019,1,どぶろっく,,4,97
koc,2019,1,どぶろっく,,5,96
koc,2019,1,かが屋,,1,94
koc,2019,1,かが屋,,2,89
koc,2019,1,かが屋,,3,87
koc,2019,1,かが屋,,4,88
koc,2019,1,かが屋,,5,88
koc,2019,1,GAG,,1,92
koc,2019,1,GAG,,2,88
koc,2019,1,GAG,,3,92
koc,2019,1,GAG,,4,93
koc,2019,1,GAG,,5,92
koc,2019,1,ゾフィー,,1,90
koc,2019,1,ゾフィー,,2,90
koc,2019,1,ゾフィー,,3,89
koc,2019,1,ゾフィー,,4,91
koc,2019,1,ゾフィー,,5,92
koc,2019,1,わらふぢなるお,,1,87
koc,2019,1,わらふぢなるお,,2,87
koc,2019,1,わらふぢなるお,,3,88
koc,2019,1,わらふぢなるお,,4,87
koc,2019,1,わらふぢなるお,,5,89
koc,2019,2,ジャルジャル,,1,90
koc,2019,2,ジャルジャル,,2,90
koc,2019,2,ジャルジャル,,3,88
koc,2019,2,ジャルジャル,,4,90
koc,2019,2,ジャルジャル,,5,90
koc,2019,2,うるとらブギーズ,,1,93
koc,2019,2,うるとらブギーズ,,2,92
koc,2019,2,うるとらブギーズ,,3,93
koc,2019,2,うるとらブギーズ,,4,93
koc,2019,2,うるとらブギーズ,,5,92
koc,2019,2,どぶろっく,,1,94
koc,2019,2,どぶろっく,,2,90
koc,2019,2,どぶろっく,,3,89
koc,2019,2,どぶろっく,,4,91
koc,2019,2,どぶろっく,,5,91
koc,2018,1,やさしいズ,,1,85
koc,2018,1,やさしいズ,,2,87
koc,2018,1,やさしいズ,,3,81
koc,2018,1,やさしいズ,,4,84
koc,2018,1,やさしいズ,,5,82
koc,2018,1,マヂカルラブリー,,1,90
koc,2018,1,マヂカルラブリー,,2,90
koc,2018,1,マヂカルラブリー,,3,85
koc,2018,1,マヂカルラブリー,,4,90
koc,2018,1,マヂカルラブリー,,5,88
koc,2018,1,ハナコ,,1,93
koc,2018,1,ハナコ,,2,94
koc,2018,1,ハナコ,,3,90
koc,2018,1,ハナコ,,4,94
koc,2018,1,ハナコ,,5,93
koc,2018,1,さらば青春の光,,1,92
koc,2018,1,さらば青春の光,,2,91
koc,2018,1,さらば青春の光,,3,92
koc,2018,1,さらば青春の光,,4,94
koc,2018,1,さらば青春の光,,5,94
koc,2018,1,だーりんず,,1,88
koc,2018,1,だーりんず,,2,85
koc,2018,1,だーりんず,,3,92
koc,2018,1,だーりんず,,4,92
koc,2018,1,だーりんず,,5,80
koc,2018,1,チョコレートプラネット,,1,93
koc,2018,1,チョコレートプラネット,,2,93
koc,2018,1,チョコレートプラネット,,3,97
koc,2018,1,チョコレートプラネット,,4,98
koc,2018,1,チョコレートプラネット,,5,97
koc,2018,1,GAG,,1,87
koc,2018,1,GAG,,2,84
koc,2018,1,GAG,,3,84
koc,2018,1,GAG,,4,92
koc,2018,1,GAG,,5,90
koc,2018,1,わらふぢなるお,,1,90
koc,2018,1,わらふぢなるお,,2,92
koc,2018,1,わらふぢなるお,,3,95
koc,2018,1,わらふぢなるお,,4,96
koc,2018,1,わらふぢなるお,,5,95
koc,2018,1,ロビンフット,,1,92
koc,2018,1,ロビンフット,,2,93
koc,2018,1,ロビンフット,,3,89
koc,2018,1,ロビンフット,,4,92
koc,2018,1,ロビンフット,,5,96
koc,2018,1,ザ・ギース,,1,92
koc,2018,1,ザ・ギース,,2,90
koc,2018,1,ザ・ギース,,3,91
koc,2018,1,ザ・ギース,,4,93
koc,2018,1,ザ・ギース,,5,92
koc,2018,2,ハナコ,,1,97
koc,2018,2,ハナコ,,2,94
koc,2018,2,ハナコ,,3,90
koc,2018,2,ハナコ,,4,96
koc,2018,2,ハナコ,,5,95
koc,2018,2,わらふぢなるお,,1,93
koc,2018,2,わらふぢなるお,,2,89
koc,2018,2,わらふぢなるお,,3,89
koc,2018,2,わらふぢなるお,,4,93
koc,2018,2,わらふぢなるお,,5,90
koc,2018,2,チョコレートプラネット,,1,90
koc,2018,2,チョコレートプラネット,,2,90
koc,2018,2,チョコレートプラネット,,3,88
koc,2018,2,チョコレートプラネット,,4,88
koc,2018,2,チョコレートプラネット,,5,84
koc,2017,1,わらふぢなるお,,1,87
koc,2017,1,わらふぢなるお,,2,89
koc,2017,1,わらふぢなるお,,3,88
koc,2017,1,わらふぢなるお,,4,87
koc,2017,1,わらふぢなるお,,5,83
koc,2017,1,ジャングルポケット,,1,93
koc,2017,1,ジャングルポケット,,2,92
koc,2017,1,ジャングルポケット,,3,93
koc,2017,1,ジャングルポケット,,4,89
koc,2017,1,ジャングルポケット,,5,85
koc,2017,1,かまいたち,,1,90
koc,2017,1,かまいたち,,2,93
koc,2017,1,かまいたち,,3,95
koc,2017,1,かまいたち,,4,93
koc,2017,1,かまいたち,,5,93
koc,2017,1,アンガールズ,,1,89
koc,2017,1,アンガールズ,,2,90
koc,2017,1,アンガールズ,,3,92
koc,2017,1,アンガールズ,,4,92
koc,2017,1,アンガールズ,,5,89
koc,2017,1,パーパー,,1,85
koc,2017,1,パーパー,,2,86
koc,2017,1,パーパー,,3,85
koc,2017,1,パーパー,,4,85
koc,2017,1,パーパー,,5,80
koc,2017,1,さらば青春の光,,1,90
koc,2017,1,さらば青春の光,,2,93
koc,2017,1,さらば青春の光,,3,87
koc,2017,1,さらば青春の光,,4,90
koc,2017,1,さらば青春の光,,5,95
koc,2017,1,にゃんこスター,,1,90
koc,2017,1,にゃんこスター,,2,89
koc,2017,1,にゃんこスター,,3,97
koc,2017,1,にゃんこスター,,4,93
koc,2017,1,にゃんこスター,,5,97
koc,2017,1,アキナ,,1,90
koc,2017,1,アキナ,,2,82
koc,2017,1,アキナ,,3,83
koc,2017,1,アキナ,,4,87
koc,2017,1,アキナ,,5,90
koc,2017,1,GAG少年楽団,,1,86
koc,2017,1,GAG少年楽団,,2,85
koc,2017,1,GAG少年楽団,,3,82
koc,2017,1,GAG少年楽団,,4,84
koc,2017,1,GAG少年楽団,,5,82
koc,2017,1,ゾフィー,,1,85
koc,2017,1,ゾフィー,,2,85
koc,2017,1,ゾフィー,,3,82
koc,2017,1,ゾフィー,,4,86
koc,2017,1,ゾフィー,,5,84
koc,2017,2,アンガールズ,,1,93
koc,2017,2,アンガールズ,,2,93
koc,2017,2,アンガールズ,,3,87
koc,2017,2,アンガールズ,,4,89
koc,2017,2,アンガールズ,,5,90
koc,2017,2,ジャングルポケット,,1,90
koc,2017,2,ジャングルポケット,,2,92
koc,2017,2,ジャングルポケット,,3,90
koc,2017,2,ジャングルポケット,,4,93
koc,2017,2,ジャングルポケット,,5,93
koc,2017,2,さらば青春の光,,1,95
koc,2017,2,さらば青春の光,,2,97
koc,2017,2,さらば青春の光,,3,92
koc,2017,2,さらば青春の光,,4,91
koc,2017,2,さらば青春の光,,5,92
koc,2017,2,かまいたち,,1,94
koc,2017,2,かまいたち,,2,96
koc,2017,2,かまいたち,,3,95
koc,2017,2,かまいたち,,4,97
koc,2017,2,かまいたち,,5,96
koc,2017,2,にゃんこスター,,1,90
koc,2017,2,にゃんこスター,,2,92
koc,2017,2,にゃんこスター,,3,92
koc,2017,2,にゃんこスター,,4,94
koc,2017,2,にゃんこスター,,5,94
koc,2016,1,しずる,,1,90
koc,2016,1,しずる,,2,92
koc,2016,1,しずる,,3,88
koc,2016,1,しずる,,4,88
koc,2016,1,しずる,,5,85
koc,2016,1,ラブレターズ,,1,92
koc,2016,1,ラブレターズ,,2,84
koc,2016,1,ラブレターズ,,3,82
koc,2016,1,ラブレターズ,,4,84
koc,2016,1,ラブレターズ,,5,82
koc,2016,1,かもめんたる,,1,89
koc,2016,1,かもめんたる,,2,90
koc,2016,1,かもめんたる,,3,88
koc,2016,1,かもめんたる,,4,89
koc,2016,1,かもめんたる,,5,88
koc,2016,1,かまいたち,,1,90
koc,2016,1,かまいたち,,2,93
koc,2016,1,かまいたち,,3,92
koc,2016,1,かまいたち,,4,93
koc,2016,1,かまいたち,,5,90
koc,2016,1,ななまがり,,1,88
koc,2016,1,ななまがり,,2,89
koc,2016,1,ななまがり,,3,85
koc,2016,1,ななまがり,,4,88
koc,2016,1,ななまがり,,5,80
koc,2016,1,ジャングルポケット,,1,94
koc,2016,1,ジャングルポケット,,2,93
koc,2016,1,ジャングルポケット,,3,94
koc,2016,1,ジャングルポケット,,4,91
koc,2016,1,ジャングルポケット,,5,94
koc,2016,1,だーりんず,,1,85
koc,2016,1,だーりんず,,2,84
koc,2016,1,だーりんず,,3,86
koc,2016,1,だーりんず,,4,87
koc,2016,1,だーりんず,,5,89
koc,2016,1,タイムマシーン3号,,1,90
koc,2016,1,タイムマシーン3号,,2,89
koc,2016,1,タイムマシーン3号,,3,87
koc,2016,1,タイムマシーン3号,,4,89
koc,2016,1,タイムマシーン3号,,5,90
koc,2016,1,ジグザグジギー,,1,88
koc,2016,1,ジグザグジギー,,2,84
koc,2016,1,ジグザグジギー,,3,89
koc,2016,1,ジグザグジギー,,4,88
koc,2016,1,ジグザグジギー,,5,84
koc,2016,1,ライス,,1,92
koc,2016,1,ライス,,2,95
koc,2016,1,ライス,,3,93
koc,2016,1,ライス,,4,91
koc,2016,1,ライス,,5,95
koc,2016,2,かもめんたる,,1,87
koc,2016,2,かもめんたる,,2,88
koc,2016,2,かもめんたる,,3,88
koc,2016,2,かもめんたる,,4,89
koc,2016,2,かもめんたる,,5,87
koc,2016,2,タイムマシーン3号,,1,88
koc,2016,2,タイムマシーン3号,,2,88
koc,2016,2,タイムマシーン3号,,3,87
koc,2016,2,タイムマシーン3号,,4,92
koc,2016,2,タイムマシーン3号,,5,93
koc,2016,2,かまいたち,,1,90
koc,2016,2,かまいたち,,2,92
koc,2016,2,かまいたち,,3,91
koc,2016,2,かまいたち,,4,93
koc,2016,2,かまいたち,,5,90
koc,2016,2,ライス,,1,94
koc,2016,2,ライス,,2,95
koc,2016,2,ライス,,3,92
koc,2016,2,ライス,,4,94
koc,2016,2,ライス,,5,95
koc,2016,2,ジャングルポケット,,1,88
koc,2016,2,ジャングルポケット,,2,94
koc,2016,2,ジャングルポケット,,3,91
koc,2016,2,ジャングルポケット,,4,95
koc,2016,2,ジャングルポケット,,5,96
koc,2015,1,藤崎マーケット,,1,87
koc,2015,1,藤崎マーケット,,2,92
koc,2015,1,藤崎マーケット,,3,93
koc,2015,1,藤崎マーケット,,4,94
koc,2015,1,藤崎マーケット,,5,85
koc,2015,1,ジャングルポケット,,1,86
koc,2015,1,ジャングルポケット,,2,89
koc,2015,1,ジャングルポケット,,3,91
koc,2015,1,ジャングルポケット,,4,90
koc,2015,1,ジャングルポケット,,5,89
koc,2015,1,さらば青春の光,,1,89
koc,2015,1,さらば青春の光,,2,83
koc,2015,1,さらば青春の光,,3,80
koc,2015,1,さらば青春の光,,4,87
koc,2015,1,さらば青春の光,,5,80
koc,2015,1,コロコロチキチキペッパーズ,,1,92
koc,2015,1,コロコロチキチキペッパーズ,,2,93
koc,2015,1,コロコロチキチキペッパーズ,,3,92
koc,2015,1,コロコロチキチキペッパーズ,,4,96
koc,2015,1,コロコロチキチキペッパーズ,,5,95
koc,2015,1,うしろシティ,,1,86
koc,2015,1,うしろシティ,,2,85
koc,2015,1,うしろシティ,,3,82
koc,2015,1,うしろシティ,,4,89
koc,2015,1,うしろシティ,,5,82
koc,2015,1,バンビーノ,,1,90
koc,2015,1,バンビーノ,,2,89
koc,2015,1,バンビーノ,,3,93
koc,2015,1,バンビーノ,,4,93
koc,2015,1,バンビーノ,,5,90
koc,2015,1,ザ・ギース,,1,88
koc,2015,1,ザ・ギース,,2,87
koc,2015,1,ザ・ギース,,3,80
koc,2015,1,ザ・ギース,,4,88
koc,2015,1,ザ・ギース,,5,85
koc,2015,1,ロッチ,,1,90
koc,2015,1,ロッチ,,2,96
koc,2015,1,ロッチ,,3,98
koc,2015,1,ロッチ,,4,98
koc,2015,1,ロッチ,,5,96
koc,2015,1,アキナ,,1,89
koc,2015,1,アキナ,,2,88
koc,2015,1,アキナ,,3,83
koc,2015,1,アキナ,,4,90
koc,2015,1,アキナ,,5,87
koc,2015,1,巨匠,,1,87
koc,2015,1,巨匠,,2,89
koc,2015,1,巨匠,,3,81
koc,2015,1,巨匠,,4,91
koc,2015,1,巨匠,,5,80
koc,2015,2,ジャングルポケット,,1,89
koc,2015,2,ジャングルポケット,,2,91
koc,2015,2,ジャングルポケット,,3,92
koc,2015,2,ジャングルポケット,,4,89
koc,2015,2,ジャングルポケット,,5,90
koc,2015,2,藤崎マーケット,,1,87
koc,2015,2,藤崎マーケット,,2,90
koc,2015,2,藤崎マーケット,,3,90
koc,2015,2,藤崎マーケット,,4,88
koc,2015,2,藤崎マーケット,,5,87
koc,2015,2,バンビーノ,,1,93
koc,2015,2,バンビーノ,,2,94
koc,2015,2,バンビーノ,,3,96
koc,2015,2,バンビーノ,,4,93
koc,2015,2,バンビーノ,,5,95
koc,2015,2,コロコロチキチキペッパーズ,,1,95
koc,2015,2,コロコロチキチキペッパーズ,,2,94
koc,2015,2,コロコロチキチキペッパーズ,,3,93
koc,2015,2,コロコロチキチキペッパーズ,,4,94
koc,2015,2,コロコロチキチキペッパーズ,,5,89
koc,2015,2,ロッチ,,1,83
koc,2015,2,ロッチ,,2,85
koc,2015,2,ロッチ,,3,86
koc,2015,2,ロッチ,,4,89
koc,2015,2,ロッチ,,5,86
r1,2025,1,ヒロ・オクムラ,,1,90
r1,2025,1,ヒロ・オクムラ,,2,91
r1,2025,1,ヒロ・オクムラ,,3,89
r1,2025,1,ヒロ・オクムラ,,4,92
r1,2025,1,ヒロ・オクムラ,,5,91
r1,2025,1,ヒロ・オクムラ,,6,89
r1,2025,1,ヒロ・オクムラ,,7,89
r1,2025,1,チャンス大城,,1,96
r1,2025,1,チャンス大城,,2,90
r1,2025,1,チャンス大城,,3,95
r1,2025,1,チャンス大城,,4,92
r1,2025,1,チャンス大城,,5,91
r1,2025,1,チャンス大城,,6,93
r1,2025,1,チャンス大城,,7,93
r1,2025,1,田津原理音,,1,92
r1,2025,1,田津原理音,,2,97
r1,2025,1,田津原理音,,3,93
r1,2025,1,田津原理音,,4,93
r1,2025,1,田津原理音,,5,92
r1,2025,1,田津原理音,,6,91
r1,2025,1,田津原理音,,7,96
r1,2025,1,ハギノリザードマン,,1,95
r1,2025,1,ハギノリザードマン,,2,96
r1,2025,1,ハギノリザードマン,,3,96
r1,2025,1,ハギノリザードマン,,4,95
r1,2025,1,ハギノリザードマン,,5,92
r1,2025,1,ハギノリザードマン,,6,90
r1,2025,1,ハギノリザードマン,,7,91
r1,2025,1,ルシファー吉岡,,1,91
r1,2025,1,ルシファー吉岡,,2,94
r1,2025,1,ルシファー吉岡,,3,91
r1,2025,1,ルシファー吉岡,,4,93
r1,2025,1,ルシファー吉岡,,5,95
r1,2025,1,ルシファー吉岡,,6,95
r1,2025,1,ルシファー吉岡,,7,92
r1,2025,1,吉住,,1,91
r1,2025,1,吉住,,2,92
r1,2025,1,吉住,,3,90
r1,2025,1,吉住,,4,95
r1,2025,1,吉住,,5,93
r1,2025,1,吉住,,6,90
r1,2025,1,吉住,,7,90
r1,2025,1,さや香 新山,,1,92
r1,2025,1,さや香 新山,,2,89
r1,2025,1,さや香 新山,,3,92
r1,2025,1,さや香 新山,,4,93
r1,2025,1,さや香 新山,,5,91
r1,2025,1,さや香 新山,,6,91
r1,2025,1,さや香 新山,,7,91
r1,2025,1,友田オレ,,1,92
r1,2025,1,友田オレ,,2,98
r1,2025,1,友田オレ,,3,97
r1,2025,1,友田オレ,,4,96
r1,2025,1,友田オレ,,5,93
r1,2025,1,友田オレ,,6,92
r1,2025,1,友田オレ,,7,94
r1,2025,1,マツモトクラブ,,1,91
r1,2025,1,マツモトクラブ,,2,95
r1,2025,1,マツモトクラブ,,3,94
r1,2025,1,マツモトクラブ,,4,93
r1,2025,1,マツモトクラブ,,5,97
r1,2025,1,マツモトクラブ,,6,88
r1,2025,1,マツモトクラブ,,7,89
r1,2024,1,真輝志,,1,90
r1,2024,1,真輝志,,2,92
r1,2024,1,真輝志,,3,94
r1,2024,1,真輝志,,4,91
r1,2024,1,真輝志,,5,91
r1,2024,1,ルシファー吉岡,,1,95
r1,2024,1,ルシファー吉岡,,2,95
r1,2024,1,ルシファー吉岡,,3,95
r1,2024,1,ルシファー吉岡,,4,94
r1,2024,1,ルシファー吉岡,,5,96
r1,2024,1,街裏ぴんく,,1,96
r1,2024,1,街裏ぴんく,,2,94
r1,2024,1,街裏ぴんく,,3,95
r1,2024,1,街裏ぴんく,,4,92
r1,2024,1,街裏ぴんく,,5,94
r1,2024,1,kento fukaya,,1,90
r1,2024,1,kento fukaya,,2,91
r1,2024,1,kento fukaya,,3,93
r1,2024,1,kento fukaya,,4,88
r1,2024,1,kento fukaya,,5,90
r1,2024,1,寺田寛明,,1,90
r1,2024,1,寺田寛明,,2,92
r1,2024,1,寺田寛明,,3,92
r1,2024,1,寺田寛明,,4,89
r1,2024,1,寺田寛明,,5,92
r1,2024,1,サツマカワRPG,,1,91
r1,2024,1,サツマカワRPG,,2,90
r1,2024,1,サツマカワRPG,,3,92
r1,2024,1,サツマカワRPG,,4,93
r1,2024,1,サツマカワRPG,,5,91
r1,2024,1,吉住,,1,91
r1,2024,1,吉住,,2,94
r1,2024,1,吉住,,3,94
r1,2024,1,吉住,,4,96
r1,2024,1,吉住,,5,95
r1,2024,1,トンツカタンお抹茶,,1,92
r1,2024,1,トンツカタンお抹茶,,2,89
r1,2024,1,トンツカタンお抹茶,,3,92
r1,2024,1,トンツカタンお抹茶,,4,86
r1,2024,1,トンツカタンお抹茶,,5,89
r1,2024,1,どくさいスイッチ企画,,1,91
r1,2024,1,どくさいスイッチ企画,,2,92
r1,2024,1,どくさいスイッチ企画,,3,93
r1,2024,1,どくさいスイッチ企画,,4,90
r1,2024,1,どくさいスイッチ企画,,5,92
r1,2023,1,Yes!アキト,,1,91
r1,2023,1,Yes!アキト,,2,94
r1,2023,1,Yes!アキト,,3,93
r1,2023,1,Yes!アキト,,4,88
r1,2023,1,Yes!アキト,,5,90
r1,2023,1,寺田寛明,,1,90
r1,2023,1,寺田寛明,,2,94
r1,2023,1,寺田寛明,,3,94
r1,2023,1,寺田寛明,,4,92
r1,2023,1,寺田寛明,,5,94
r1,2023,1,ラパルフェ 都留,,1,94
r1,2023,1,ラパルフェ 都留,,2,91
r1,2023,1,ラパルフェ 都留,,3,90
r1,2023,1,ラパルフェ 都留,,4,87
r1,2023,1,ラパルフェ 都留,,5,89
r1,2023,1,サツマカワRPG,,1,92
r1,2023,1,サツマカワRPG,,2,93
r1,2023,1,サツマカワRPG,,3,96
r1,2023,1,サツマカワRPG,,4,90
r1,2023,1,サツマカワRPG,,5,91
r1,2023,1,カベポスター 永見,,1,93
r1,2023,1,カベポスター 永見,,2,96
r1,2023,1,カベポスター 永見,,3,97
r1,2023,1,カベポスター 永見,,4,86
r1,2023,1,カベポスター 永見,,5,88
r1,2023,1,こたけ正義感,,1,93
r1,2023,1,こたけ正義感,,2,93
r1,2023,1,こたけ正義感,,3,92
r1,2023,1,こたけ正義感,,4,91
r1,2023,1,こたけ正義感,,5,93
r1,2023,1,田津原理音,,1,96
r1,2023,1,田津原理音,,2,96
r1,2023,1,田津原理音,,3,97
r1,2023,1,田津原理音,,4,89
r1,2023,1,田津原理音,,5,92
r1,2023,1,コットン きょん,,1,95
r1,2023,1,コットン きょん,,2,92
r1,2023,1,コットン きょん,,3,96
r1,2023,1,コットン きょん,,4,90
r1,2023,1,コットン きょん,,5,95
r1,2022,1,kento fukaya,,1,90
r1,2022,1,kento fukaya,,2,90
r1,2022,1,kento fukaya,,3,92
r1,2022,1,kento fukaya,,4,84
r1,2022,1,kento fukaya,,5,93
r1,2022,1,お見送り芸人しんいち,,1,93
r1,2022,1,お見送り芸人しんいち,,2,95
r1,2022,1,お見送り芸人しんいち,,3,94
r1,2022,1,お見送り芸人しんいち,,4,89
r1,2022,1,お見送り芸人しんいち,,5,92
r1,2022,1,Yes!アキト,,1,90
r1,2022,1,Yes!アキト,,2,90
r1,2022,1,Yes!アキト,,3,92
r1,2022,1,Yes!アキト,,4,87
r1,2022,1,Yes!アキト,,5,88
r1,2022,1,吉住,,1,91
r1,2022,1,吉住,,2,93
r1,2022,1,吉住,,3,97
r1,2022,1,吉住,,4,91
r1,2022,1,吉住,,5,91
r1,2022,1,サツマカワRPG,,1,91
r1,2022,1,サツマカワRPG,,2,96
r1,2022,1,サツマカワRPG,,3,94
r1,2022,1,サツマカワRPG,,4,88
r1,2022,1,サツマカワRPG,,5,90
r1,2022,1,ZAZY,,1,95
r1,2022,1,ZAZY,,2,96
r1,2022,1,ZAZY,,3,98
r1,2022,1,ZAZY,,4,86
r1,2022,1,ZAZY,,5,89
r1,2022,1,寺田寛明,,1,90
r1,2022,1,寺田寛明,,2,92
r1,2022,1,寺田寛明,,3,94
r1,2022,1,寺田寛明,,4,85
r1,2022,1,寺田寛明,,5,90
r1,2022,1,金の国 渡部おにぎり,,1,93
r1,2022,1,金の国 渡部おにぎり,,2,94
r1,2022,1,金の国 渡部おにぎり,,3,93
r1,2022,1,金の国 渡部おにぎり,,4,90
r1,2022,1,金の国 渡部おにぎり,,5,93
r1,2021,1,マツモトクラブ,,1,89
r1,2021,1,マツモトクラブ,,2,93
r1,2021,1,マツモトクラブ,,3,93
r1,2021,1,マツモトクラブ,,4,94
r1,2021,1,マツモトクラブ,,5,88
r1,2021,1,マツモトクラブ,,6,89
r1,2021,1,マツモトクラブ,,7,88
r1,2021,1,マツモトクラブ,,8,3
r1,2021,1,ZAZY,,1,93
r1,2021,1,ZAZY,,2,95
r1,2021,1,ZAZY,,3,95
r1,2021,1,ZAZY,,4,99
r1,2021,1,ZAZY,,5,95
r1,2021,1,ZAZY,,6,93
r1,2021,1,ZAZY,,7,94
r1,2021,1,ZAZY,,8,5
r1,2021,1,土屋,,1,88
r1,2021,1,土屋,,2,96
r1,2021,1,土屋,,3,94
r1,2021,1,土屋,,4,95
r1,2021,1,土屋,,5,93
r1,2021,1,土屋,,6,90
r1,2021,1,土屋,,7,90
r1,2021,1,土屋,,8,1
r1,2021,1,森本サイダー,,1,91
r1,2021,1,森本サイダー,,2,91
r1,2021,1,森本サイダー,,3,96
r1,2021,1,森本サイダー,,4,96
r1,2021,1,森本サイダー,,5,92
r1,2021,1,森本サイダー,,6,90
r1,2021,1,森本サイダー,,7,93
r1,2021,1,森本サイダー,,8,1
r1,2021,1,吉住,,1,90
r1,2021,1,吉住,,2,95
r1,2021,1,吉住,,3,94
r1,2021,1,吉住,,4,94
r1,2021,1,吉住,,5,91
r1,2021,1,吉住,,6,89
r1,2021,1,吉住,,7,88
r1,2021,1,吉住,,8,5
r1,2021,1,寺田寛明,,1,87
r1,2021,1,寺田寛明,,2,89
r1,2021,1,寺田寛明,,3,93
r1,2021,1,寺田寛明,,4,93
r1,2021,1,寺田寛明,,5,89
r1,2021,1,寺田寛明,,6,88
r1,2021,1,寺田寛明,,7,89
r1,2021,1,寺田寛明,,8,5
r1,2021,1,かが屋 賀屋,,1,90
r1,2021,1,かが屋 賀屋,,2,93
r1,2021,1,かが屋 賀屋,,3,96
r1,2021,1,かが屋 賀屋,,4,95
r1,2021,1,かが屋 賀屋,,5,94
r1,2021,1,かが屋 賀屋,,6,92
r1,2021,1,かが屋 賀屋,,7,90
r1,2021,1,かが屋 賀屋,,8,5
r1,2021,1,kento fukaya,,1,92
r1,2021,1,kento fukaya,,2,90
r1,2021,1,kento fukaya,,3,94
r1,2021,1,kento fukaya,,4,93
r1,2021,1,kento fukaya,,5,92
r1,2021,1,kento fukaya,,6,92
r1,2021,1,kento fukaya,,7,92
r1,2021,1,kento fukaya,,8,5
r1,2021,1,高田ぽる子,,1,93
r1,2021,1,高田ぽる子,,2,89
r1,2021,1,高田ぽる子,,3,95
r1,2021,1,高田ぽる子,,4,92
r1,2021,1,高田ぽる子,,5,92
r1,2021,1,高田ぽる子,,6,93
r1,2021,1,高田ぽる子,,7,93
r1,2021,1,高田ぽる子,,8,5
r1,2021,1,ゆりやんレトリィバァ,,1,95
r1,2021,1,ゆりやんレトリィバァ,,2,94
r1,2021,1,ゆりやんレトリィバァ,,3,95
r1,2021,1,ゆりやんレトリィバァ,,4,97
r1,2021,1,ゆりやんレトリィバァ,,5,95
r1,2021,1,ゆりやんレトリィバァ,,6,93
r1,2021,1,ゆりやんレトリィバァ,,7,92
r1,2021,1,ゆりやんレトリィバァ,,8,5
abc,2015,1,GAG少年楽団,,1,97
abc,2015,1,GAG少年楽団,,2,98
abc,2015,1,GAG少年楽団,,3,95
abc,2015,1,GAG少年楽団,,4,93
abc,2015,1,GAG少年楽団,,5,97
abc,2015,1,学天即,,1,96
abc,2015,1,学天即,,2,96
abc,2015,1,学天即,,3,94
abc,2015,1,学天即,,4,93
abc,2015,1,学天即,,5,94
abc,2015,1,うしろシティ,,1,92
abc,2015,1,うしろシティ,,2,96
abc,2015,1,うしろシティ,,3,94
abc,2015,1,うしろシティ,,4,95
abc,2015,1,うしろシティ,,5,93
abc,2015,1,ニューヨーク,,1,92
abc,2015,1,ニューヨーク,,2,90
abc,2015,1,ニューヨーク,,3,94
abc,2015,1,ニューヨーク,,4,95
abc,2015,1,ニューヨーク,,5,96
abc,2015,1,チョコレートプラネット,,1,93
abc,2015,1,チョコレートプラネット,,2,91
abc,2015,1,チョコレートプラネット,,3,95
abc,2015,1,チョコレートプラネット,,4,92
abc,2015,1,チョコレートプラネット,,5,95
abc,2015,1,シンクロック,,1,91
abc,2015,1,シンクロック,,2,93
abc,2015,1,シンクロック,,3,89
abc,2015,1,シンクロック,,4,94
abc,2015,1,シンクロック,,5,93
abc,2015,1,ガリバートンネル,,1,92
abc,2015,1,ガリバートンネル,,2,85
abc,2015,1,ガリバートンネル,,3,92
abc,2015,1,ガリバートンネル,,4,92
abc,2015,1,ガリバートンネル,,5,93
abc,2015,1,たかまつなな,,1,91
abc,2015,1,たかまつなな,,2,94
abc,2015,1,たかまつなな,,3,89
abc,2015,1,たかまつなな,,4,90
abc,2015,1,たかまつなな,,5,89
abc,2015,1,吉田たち,,1,91
abc,2015,1,吉田たち,,2,88
abc,2015,1,吉田たち,,3,85
abc,2015,1,吉田たち,,4,92
abc,2015,1,吉田たち,,5,80
abc,2015,1,中山女子短期大学,,1,88
abc,2015,1,中山女子短期大学,,2,85
abc,2015,1,中山女子短期大学,,3,87
abc,2015,1,中山女子短期大学,,4,89
abc,2015,1,中山女子短期大学,,5,83
abc,2014,1,天竺鼠,,1,96
abc,2014,1,天竺鼠,,2,98
abc,2014,1,天竺鼠,,3,100
abc,2014,1,天竺鼠,,4,97
abc,2014,1,天竺鼠,,5,92
abc,2014,1,学天即,,1,96
abc,2014,1,学天即,,2,98
abc,2014,1,学天即,,3,100
abc,2014,1,学天即,,4,93
abc,2014,1,学天即,,5,89
abc,2014,1,和牛,,1,95
abc,2014,1,和牛,,2,95
abc,2014,1,和牛,,3,88
abc,2014,1,和牛,,4,90
abc,2014,1,和牛,,5,88
abc,2014,1,GAG少年楽団,,1,90
abc,2014,1,GAG少年楽団,,2,88
abc,2014,1,GAG少年楽団,,3,95
abc,2014,1,GAG少年楽団,,4,90
abc,2014,1,GAG少年楽団,,5,88
abc,2014,1,藤崎マーケット,,1,90
abc,2014,1,藤崎マーケット,,2,87
abc,2014,1,藤崎マーケット,,3,89
abc,2014,1,藤崎マーケット,,4,89
abc,2014,1,藤崎マーケット,,5,87
abc,2014,1,ラブレターズ,,1,94
abc,2014,1,ラブレターズ,,2,88
abc,2014,1,ラブレターズ,,3,84
abc,2014,1,ラブレターズ,,4,87
abc,2014,1,ラブレターズ,,5,84
abc,2014,1,シマッシュレコード,,1,90
abc,2014,1,シマッシュレコード,,2,86
abc,2014,1,シマッシュレコード,,3,90
abc,2014,1,シマッシュレコード,,4,89
abc,2014,1,シマッシュレコード,,5,82
abc,2014,1,シソンヌ,,1,89
abc,2014,1,シソンヌ,,2,84
abc,2014,1,シソンヌ,,3,87
abc,2014,1,シソンヌ,,4,89
abc,2014,1,シソンヌ,,5,84
abc,2014,1,ニューヨーク,,1,89
abc,2014,1,ニューヨーク,,2,84
abc,2014,1,ニューヨーク,,3,83
abc,2014,1,ニューヨーク,,4,91
abc,2014,1,ニューヨーク,,5,84
abc,2014,1,ジグザグジギー,,1,87
abc,2014,1,ジグザグジギー,,2,85
abc,2014,1,ジグザグジギー,,3,82
abc,2014,1,ジグザグジギー,,4,89
abc,2014,1,ジグザグジギー,,5,86
abc,2013,1,ジャルジャル,,1,97
abc,2013,1,ジャルジャル,,2,97
abc,2013,1,ジャルジャル,,3,98
abc,2013,1,ジャルジャル,,4,98
abc,2013,1,ジャルジャル,,5,94
abc,2013,1,GAG少年楽団,,1,96
abc,2013,1,GAG少年楽団,,2,95
abc,2013,1,GAG少年楽団,,3,96
abc,2013,1,GAG少年楽団,,4,92
abc,2013,1,GAG少年楽団,,5,92
abc,2013,1,ジグザグジギー,,1,94
abc,2013,1,ジグザグジギー,,2,92
abc,2013,1,ジグザグジギー,,3,97
abc,2013,1,ジグザグジギー,,4,95
abc,2013,1,ジグザグジギー,,5,91
abc,2013,1,シソンヌ,,1,93
abc,2013,1,シソンヌ,,2,91
abc,2013,1,シソンヌ,,3,97
abc,2013,1,シソンヌ,,4,95
abc,2013,1,シソンヌ,,5,90
abc,2013,1,プリマ旦那,,1,92
abc,2013,1,プリマ旦那,,2,92
abc,2013,1,プリマ旦那,,3,95
abc,2013,1,プリマ旦那,,4,95
abc,2013,1,プリマ旦那,,5,89
abc,2013,1,天竺鼠,,1,94
abc,2013,1,天竺鼠,,2,90
abc,2013,1,天竺鼠,,3,95
abc,2013,1,天竺鼠,,4,90
abc,2013,1,天竺鼠,,5,92
abc,2013,1,アイロンヘッド,,1,90
abc,2013,1,アイロンヘッド,,2,92
abc,2013,1,アイロンヘッド,,3,90
abc,2013,1,アイロンヘッド,,4,94
abc,2013,1,アイロンヘッド,,5,89
abc,2013,1,ジャングルポケット,,1,91
abc,2013,1,ジャングルポケット,,2,88
abc,2013,1,ジャングルポケット,,3,93
abc,2013,1,ジャングルポケット,,4,90
abc,2013,1,ジャングルポケット,,5,87
abc,2013,1,和牛,,1,90
abc,2013,1,和牛,,2,89
abc,2013,1,和牛,,3,89
abc,2013,1,和牛,,4,88
abc,2013,1,和牛,,5,87
abc,2012,1,かまいたち,,1,93
abc,2012,1,かまいたち,,2,94
abc,2012,1,かまいたち,,3,93
abc,2012,1,かまいたち,,4,88
abc,2012,1,かまいたち,,5,90
abc,2012,1,さらば青春の光,,1,93
abc,2012,1,さらば青春の光,,2,94
abc,2012,1,さらば青春の光,,3,92
abc,2012,1,さらば青春の光,,4,89
abc,2012,1,さらば青春の光,,5,86
abc,2012,1,ソーセージ,,1,92
abc,2012,1,ソーセージ,,2,92
abc,2012,1,ソーセージ,,3,90
abc,2012,1,ソーセージ,,4,92
abc,2012,1,ソーセージ,,5,87
abc,2012,1,三日月マンハッタン,,1,91
abc,2012,1,三日月マンハッタン,,2,87
abc,2012,1,三日月マンハッタン,,3,91
abc,2012,1,三日月マンハッタン,,4,90
abc,2012,1,三日月マンハッタン,,5,84
abc,2012,1,藤崎マーケット,,1,92
abc,2012,1,藤崎マーケット,,2,95
abc,2012,1,藤崎マーケット,,3,86
abc,2012,1,藤崎マーケット,,4,83
abc,2012,1,藤崎マーケット,,5,85
abc,2012,1,学天即,,1,90
abc,2012,1,学天即,,2,90
abc,2012,1,学天即,,3,89
abc,2012,1,学天即,,4,85
abc,2012,1,学天即,,5,86
abc,2012,1,ジグザグジギー,,1,84
abc,2012,1,ジグザグジギー,,2,91
abc,2012,1,ジグザグジギー,,3,92
abc,2012,1,ジグザグジギー,,4,88
abc,2012,1,ジグザグジギー,,5,84
abc,2012,1,ジャルジャル,,1,90
abc,2012,1,ジャルジャル,,2,87
abc,2012,1,ジャルジャル,,3,90
abc,2012,1,ジャルジャル,,4,87
abc,2012,1,ジャルジャル,,5,85
abc,2012,1,プラスマイナス,,1,90
abc,2012,1,プラスマイナス,,2,85
abc,2012,1,プラスマイナス,,3,87
abc,2012,1,プラスマイナス,,4,85
abc,2012,1,プラスマイナス,,5,88
abc,2012,1,パップコーン,,1,85
abc,2012,1,パップコーン,,2,87
abc,2012,1,パップコーン,,3,80
abc,2012,1,パップコーン,,4,83
abc,2012,1,パップコーン,,5,82
